musician_id,show_id,available
M01,S0001,0
M02,S0001,0
M03,S0001,1
M04,S0001,0
M05,S0001,0
M06,S0001,1
M07,S0001,0
M08,S0001,1
M09,S0001,0
M10,S0001,1
M11,S0001,0
M12,S0001,1
M13,S0001,0
M14,S0001,0
M15,S0001,0
M16,S0001,1
M17,S0001,0
M18,S0001,1
M19,S0001,1
M20,S0001,0
M21,S0001,0
M22,S0001,0
M23,S0001,0
M24,S0001,0
M25,S0001,0
M26,S0001,1
M27,S0001,0
M28,S0001,0
M29,S0001,0
M30,S0001,0
M31,S0001,1
M32,S0001,0
M33,S0001,0
M34,S0001,1
M35,S0001,0
M36,S0001,1
M37,S0001,0
M38,S0001,1
M39,S0001,0
M40,S0001,0
M41,S0001,0
M42,S0001,1
M43,S0001,0
M44,S0001,0
M45,S0001,0
M46,S0001,0
M47,S0001,1
M48,S0001,1
M49,S0001,0
M50,S0001,1
M51,S0001,0
M52,S0001,0
M53,S0001,0
M54,S0001,0
M55,S0001,0
M56,S0001,0
M57,S0001,0
M58,S0001,0
M59,S0001,0
M60,S0001,0
M01,S0002,0
M02,S0002,0
M03,S0002,1
M04,S0002,0
M05,S0002,0
M06,S0002,1
M07,S0002,0
M08,S0002,0
M09,S0002,0
M10,S0002,1
M11,S0002,0
M12,S0002,0
M13,S0002,0
M14,S0002,0
M15,S0002,0
M16,S0002,1
M17,S0002,0
M18,S0002,1
M19,S0002,1
M20,S0002,0
M21,S0002,0
M22,S0002,0
M23,S0002,0
M24,S0002,0
M25,S0002,0
M26,S0002,1
M27,S0002,0
M28,S0002,0
M29,S0002,0
M30,S0002,0
M31,S0002,1
M32,S0002,0
M33,S0002,0
M34,S0002,1
M35,S0002,0
M36,S0002,1
M37,S0002,0
M38,S0002,1
M39,S0002,0
M40,S0002,0
M41,S0002,0
M42,S0002,1
M43,S0002,0
M44,S0002,0
M45,S0002,0
M46,S0002,0
M47,S0002,1
M48,S0002,1
M49,S0002,0
M50,S0002,1
M51,S0002,0
M52,S0002,0
M53,S0002,0
M54,S0002,0
M55,S0002,0
M56,S0002,0
M57,S0002,0
M58,S0002,0
M59,S0002,0
M60,S0002,0
M01,S0003,0
M02,S0003,0
M03,S0003,0
M04,S0003,0
M05,S0003,1
M06,S0003,0
M07,S0003,0
M08,S0003,1
M09,S0003,0
M10,S0003,0
M11,S0003,0
M12,S0003,1
M13,S0003,1
M14,S0003,0
M15,S0003,0
M16,S0003,1
M17,S0003,1
M18,S0003,0
M19,S0003,0
M20,S0003,0
M21,S0003,1
M22,S0003,0
M23,S0003,0
M24,S0003,1
M25,S0003,0
M26,S0003,0
M27,S0003,1
M28,S0003,1
M29,S0003,0
M30,S0003,1
M31,S0003,0
M32,S0003,0
M33,S0003,0
M34,S0003,0
M35,S0003,0
M36,S0003,0
M37,S0003,1
M38,S0003,1
M39,S0003,0
M40,S0003,0
M41,S0003,1
M42,S0003,0
M43,S0003,0
M44,S0003,0
M45,S0003,1
M46,S0003,0
M47,S0003,0
M48,S0003,0
M49,S0003,0
M50,S0003,0
M51,S0003,1
M52,S0003,0
M53,S0003,0
M54,S0003,0
M55,S0003,1
M56,S0003,0
M57,S0003,0
M58,S0003,1
M59,S0003,0
M60,S0003,1
M01,S0004,0
M02,S0004,0
M03,S0004,1
M04,S0004,0
M05,S0004,0
M06,S0004,0
M07,S0004,0
M08,S0004,1
M09,S0004,0
M10,S0004,0
M11,S0004,0
M12,S0004,1
M13,S0004,0
M14,S0004,0
M15,S0004,0
M16,S0004,1
M17,S0004,1
M18,S0004,0
M19,S0004,0
M20,S0004,0
M21,S0004,1
M22,S0004,1
M23,S0004,0
M24,S0004,1
M25,S0004,0
M26,S0004,0
M27,S0004,1
M28,S0004,1
M29,S0004,0
M30,S0004,1
M31,S0004,0
M32,S0004,0
M33,S0004,0
M34,S0004,0
M35,S0004,0
M36,S0004,0
M37,S0004,0
M38,S0004,1
M39,S0004,0
M40,S0004,1
M41,S0004,1
M42,S0004,0
M43,S0004,0
M44,S0004,0
M45,S0004,1
M46,S0004,0
M47,S0004,0
M48,S0004,0
M49,S0004,0
M50,S0004,0
M51,S0004,0
M52,S0004,0
M53,S0004,0
M54,S0004,0
M55,S0004,1
M56,S0004,0
M57,S0004,0
M58,S0004,1
M59,S0004,0
M60,S0004,0
M01,S0005,0
M02,S0005,1
M03,S0005,1
M04,S0005,1
M05,S0005,1
M06,S0005,0
M07,S0005,1
M08,S0005,0
M09,S0005,1
M10,S0005,0
M11,S0005,0
M12,S0005,0
M13,S0005,1
M14,S0005,0
M15,S0005,1
M16,S0005,0
M17,S0005,0
M18,S0005,0
M19,S0005,0
M20,S0005,1
M21,S0005,0
M22,S0005,1
M23,S0005,0
M24,S0005,0
M25,S0005,0
M26,S0005,1
M27,S0005,0
M28,S0005,1
M29,S0005,0
M30,S0005,1
M31,S0005,0
M32,S0005,1
M33,S0005,0
M34,S0005,0
M35,S0005,1
M36,S0005,0
M37,S0005,0
M38,S0005,1
M39,S0005,0
M40,S0005,0
M41,S0005,0
M42,S0005,0
M43,S0005,0
M44,S0005,1
M45,S0005,1
M46,S0005,0
M47,S0005,1
M48,S0005,1
M49,S0005,0
M50,S0005,0
M51,S0005,0
M52,S0005,0
M53,S0005,0
M54,S0005,1
M55,S0005,1
M56,S0005,1
M57,S0005,0
M58,S0005,0
M59,S0005,0
M60,S0005,1
M01,S0006,0
M02,S0006,0
M03,S0006,1
M04,S0006,1
M05,S0006,1
M06,S0006,0
M07,S0006,1
M08,S0006,0
M09,S0006,0
M10,S0006,0
M11,S0006,1
M12,S0006,0
M13,S0006,1
M14,S0006,1
M15,S0006,1
M16,S0006,0
M17,S0006,0
M18,S0006,0
M19,S0006,0
M20,S0006,1
M21,S0006,0
M22,S0006,0
M23,S0006,0
M24,S0006,0
M25,S0006,0
M26,S0006,1
M27,S0006,0
M28,S0006,0
M29,S0006,1
M30,S0006,1
M31,S0006,0
M32,S0006,1
M33,S0006,0
M34,S0006,0
M35,S0006,1
M36,S0006,0
M37,S0006,1
M38,S0006,1
M39,S0006,0
M40,S0006,0
M41,S0006,0
M42,S0006,0
M43,S0006,1
M44,S0006,1
M45,S0006,1
M46,S0006,1
M47,S0006,1
M48,S0006,1
M49,S0006,1
M50,S0006,0
M51,S0006,0
M52,S0006,0
M53,S0006,1
M54,S0006,1
M55,S0006,1
M56,S0006,1
M57,S0006,0
M58,S0006,0
M59,S0006,0
M60,S0006,1
M01,S0007,1
M02,S0007,0
M03,S0007,0
M04,S0007,0
M05,S0007,0
M06,S0007,0
M07,S0007,1
M08,S0007,0
M09,S0007,1
M10,S0007,0
M11,S0007,1
M12,S0007,0
M13,S0007,0
M14,S0007,0
M15,S0007,1
M16,S0007,0
M17,S0007,0
M18,S0007,1
M19,S0007,0
M20,S0007,0
M21,S0007,0
M22,S0007,0
M23,S0007,1
M24,S0007,1
M25,S0007,0
M26,S0007,0
M27,S0007,1
M28,S0007,0
M29,S0007,1
M30,S0007,1
M31,S0007,1
M32,S0007,0
M33,S0007,0
M34,S0007,0
M35,S0007,0
M36,S0007,1
M37,S0007,0
M38,S0007,0
M39,S0007,0
M40,S0007,1
M41,S0007,0
M42,S0007,0
M43,S0007,0
M44,S0007,1
M45,S0007,0
M46,S0007,0
M47,S0007,0
M48,S0007,0
M49,S0007,0
M50,S0007,1
M51,S0007,0
M52,S0007,0
M53,S0007,0
M54,S0007,0
M55,S0007,0
M56,S0007,0
M57,S0007,0
M58,S0007,0
M59,S0007,0
M60,S0007,1
M01,S0008,0
M02,S0008,0
M03,S0008,0
M04,S0008,0
M05,S0008,0
M06,S0008,0
M07,S0008,1
M08,S0008,0
M09,S0008,1
M10,S0008,0
M11,S0008,1
M12,S0008,0
M13,S0008,0
M14,S0008,0
M15,S0008,1
M16,S0008,0
M17,S0008,0
M18,S0008,1
M19,S0008,0
M20,S0008,0
M21,S0008,0
M22,S0008,0
M23,S0008,0
M24,S0008,1
M25,S0008,0
M26,S0008,0
M27,S0008,1
M28,S0008,0
M29,S0008,1
M30,S0008,1
M31,S0008,0
M32,S0008,0
M33,S0008,0
M34,S0008,0
M35,S0008,0
M36,S0008,1
M37,S0008,0
M38,S0008,0
M39,S0008,0
M40,S0008,0
M41,S0008,0
M42,S0008,0
M43,S0008,0
M44,S0008,1
M45,S0008,0
M46,S0008,0
M47,S0008,0
M48,S0008,0
M49,S0008,0
M50,S0008,1
M51,S0008,0
M52,S0008,0
M53,S0008,0
M54,S0008,0
M55,S0008,0
M56,S0008,0
M57,S0008,0
M58,S0008,0
M59,S0008,0
M60,S0008,1
M01,S0009,0
M02,S0009,0
M03,S0009,1
M04,S0009,0
M05,S0009,0
M06,S0009,1
M07,S0009,0
M08,S0009,1
M09,S0009,0
M10,S0009,1
M11,S0009,0
M12,S0009,1
M13,S0009,0
M14,S0009,0
M15,S0009,0
M16,S0009,1
M17,S0009,0
M18,S0009,1
M19,S0009,1
M20,S0009,0
M21,S0009,0
M22,S0009,0
M23,S0009,0
M24,S0009,0
M25,S0009,0
M26,S0009,1
M27,S0009,1
M28,S0009,0
M29,S0009,0
M30,S0009,0
M31,S0009,1
M32,S0009,0
M33,S0009,0
M34,S0009,1
M35,S0009,0
M36,S0009,1
M37,S0009,0
M38,S0009,1
M39,S0009,0
M40,S0009,0
M41,S0009,0
M42,S0009,1
M43,S0009,0
M44,S0009,0
M45,S0009,0
M46,S0009,0
M47,S0009,0
M48,S0009,1
M49,S0009,1
M50,S0009,0
M51,S0009,0
M52,S0009,0
M53,S0009,0
M54,S0009,0
M55,S0009,0
M56,S0009,0
M57,S0009,0
M58,S0009,0
M59,S0009,0
M60,S0009,0
M01,S0010,0
M02,S0010,0
M03,S0010,1
M04,S0010,0
M05,S0010,0
M06,S0010,1
M07,S0010,0
M08,S0010,1
M09,S0010,0
M10,S0010,1
M11,S0010,0
M12,S0010,0
M13,S0010,0
M14,S0010,0
M15,S0010,0
M16,S0010,1
M17,S0010,0
M18,S0010,1
M19,S0010,1
M20,S0010,0
M21,S0010,0
M22,S0010,0
M23,S0010,0
M24,S0010,0
M25,S0010,0
M26,S0010,1
M27,S0010,0
M28,S0010,0
M29,S0010,0
M30,S0010,0
M31,S0010,1
M32,S0010,0
M33,S0010,0
M34,S0010,1
M35,S0010,0
M36,S0010,1
M37,S0010,0
M38,S0010,1
M39,S0010,0
M40,S0010,0
M41,S0010,1
M42,S0010,1
M43,S0010,0
M44,S0010,0
M45,S0010,0
M46,S0010,0
M47,S0010,1
M48,S0010,1
M49,S0010,0
M50,S0010,1
M51,S0010,0
M52,S0010,0
M53,S0010,0
M54,S0010,0
M55,S0010,0
M56,S0010,0
M57,S0010,0
M58,S0010,0
M59,S0010,0
M60,S0010,0
M01,S0011,0
M02,S0011,1
M03,S0011,0
M04,S0011,0
M05,S0011,0
M06,S0011,1
M07,S0011,1
M08,S0011,0
M09,S0011,1
M10,S0011,1
M11,S0011,1
M12,S0011,0
M13,S0011,1
M14,S0011,0
M15,S0011,1
M16,S0011,0
M17,S0011,0
M18,S0011,0
M19,S0011,1
M20,S0011,0
M21,S0011,0
M22,S0011,0
M23,S0011,1
M24,S0011,0
M25,S0011,1
M26,S0011,1
M27,S0011,0
M28,S0011,0
M29,S0011,0
M30,S0011,0
M31,S0011,0
M32,S0011,1
M33,S0011,0
M34,S0011,1
M35,S0011,0
M36,S0011,0
M37,S0011,1
M38,S0011,1
M39,S0011,0
M40,S0011,1
M41,S0011,0
M42,S0011,1
M43,S0011,1
M44,S0011,1
M45,S0011,1
M46,S0011,0
M47,S0011,0
M48,S0011,0
M49,S0011,0
M50,S0011,0
M51,S0011,0
M52,S0011,1
M53,S0011,1
M54,S0011,0
M55,S0011,0
M56,S0011,0
M57,S0011,1
M58,S0011,1
M59,S0011,0
M60,S0011,0
M01,S0012,0
M02,S0012,1
M03,S0012,0
M04,S0012,0
M05,S0012,0
M06,S0012,1
M07,S0012,1
M08,S0012,0
M09,S0012,1
M10,S0012,1
M11,S0012,1
M12,S0012,0
M13,S0012,1
M14,S0012,0
M15,S0012,0
M16,S0012,1
M17,S0012,0
M18,S0012,1
M19,S0012,0
M20,S0012,0
M21,S0012,0
M22,S0012,0
M23,S0012,1
M24,S0012,0
M25,S0012,0
M26,S0012,1
M27,S0012,0
M28,S0012,0
M29,S0012,0
M30,S0012,0
M31,S0012,0
M32,S0012,1
M33,S0012,0
M34,S0012,1
M35,S0012,0
M36,S0012,0
M37,S0012,1
M38,S0012,1
M39,S0012,0
M40,S0012,1
M41,S0012,0
M42,S0012,1
M43,S0012,1
M44,S0012,1
M45,S0012,1
M46,S0012,0
M47,S0012,0
M48,S0012,0
M49,S0012,0
M50,S0012,0
M51,S0012,0
M52,S0012,1
M53,S0012,1
M54,S0012,0
M55,S0012,0
M56,S0012,0
M57,S0012,1
M58,S0012,1
M59,S0012,0
M60,S0012,0
M01,S0013,0
M02,S0013,0
M03,S0013,0
M04,S0013,0
M05,S0013,0
M06,S0013,0
M07,S0013,0
M08,S0013,1
M09,S0013,0
M10,S0013,0
M11,S0013,0
M12,S0013,0
M13,S0013,0
M14,S0013,0
M15,S0013,0
M16,S0013,1
M17,S0013,1
M18,S0013,0
M19,S0013,0
M20,S0013,0
M21,S0013,1
M22,S0013,1
M23,S0013,0
M24,S0013,1
M25,S0013,0
M26,S0013,0
M27,S0013,1
M28,S0013,1
M29,S0013,0
M30,S0013,1
M31,S0013,0
M32,S0013,0
M33,S0013,0
M34,S0013,0
M35,S0013,0
M36,S0013,0
M37,S0013,0
M38,S0013,1
M39,S0013,0
M40,S0013,1
M41,S0013,1
M42,S0013,0
M43,S0013,0
M44,S0013,0
M45,S0013,0
M46,S0013,0
M47,S0013,0
M48,S0013,0
M49,S0013,0
M50,S0013,1
M51,S0013,0
M52,S0013,0
M53,S0013,0
M54,S0013,0
M55,S0013,1
M56,S0013,0
M57,S0013,0
M58,S0013,1
M59,S0013,0
M60,S0013,0
M01,S0014,0
M02,S0014,0
M03,S0014,0
M04,S0014,0
M05,S0014,0
M06,S0014,0
M07,S0014,0
M08,S0014,0
M09,S0014,0
M10,S0014,0
M11,S0014,1
M12,S0014,1
M13,S0014,0
M14,S0014,0
M15,S0014,0
M16,S0014,1
M17,S0014,1
M18,S0014,1
M19,S0014,0
M20,S0014,0
M21,S0014,1
M22,S0014,0
M23,S0014,0
M24,S0014,1
M25,S0014,0
M26,S0014,0
M27,S0014,1
M28,S0014,1
M29,S0014,0
M30,S0014,1
M31,S0014,0
M32,S0014,1
M33,S0014,0
M34,S0014,0
M35,S0014,0
M36,S0014,1
M37,S0014,0
M38,S0014,1
M39,S0014,0
M40,S0014,1
M41,S0014,1
M42,S0014,0
M43,S0014,0
M44,S0014,0
M45,S0014,1
M46,S0014,0
M47,S0014,0
M48,S0014,0
M49,S0014,0
M50,S0014,0
M51,S0014,0
M52,S0014,0
M53,S0014,0
M54,S0014,0
M55,S0014,1
M56,S0014,1
M57,S0014,0
M58,S0014,1
M59,S0014,0
M60,S0014,0
M01,S0015,0
M02,S0015,0
M03,S0015,1
M04,S0015,0
M05,S0015,0
M06,S0015,1
M07,S0015,0
M08,S0015,1
M09,S0015,0
M10,S0015,1
M11,S0015,0
M12,S0015,1
M13,S0015,0
M14,S0015,0
M15,S0015,0
M16,S0015,1
M17,S0015,0
M18,S0015,1
M19,S0015,1
M20,S0015,0
M21,S0015,0
M22,S0015,0
M23,S0015,0
M24,S0015,0
M25,S0015,0
M26,S0015,1
M27,S0015,0
M28,S0015,0
M29,S0015,0
M30,S0015,0
M31,S0015,1
M32,S0015,0
M33,S0015,0
M34,S0015,1
M35,S0015,0
M36,S0015,1
M37,S0015,0
M38,S0015,1
M39,S0015,0
M40,S0015,0
M41,S0015,0
M42,S0015,1
M43,S0015,0
M44,S0015,0
M45,S0015,0
M46,S0015,0
M47,S0015,1
M48,S0015,1
M49,S0015,0
M50,S0015,1
M51,S0015,0
M52,S0015,0
M53,S0015,0
M54,S0015,0
M55,S0015,0
M56,S0015,0
M57,S0015,0
M58,S0015,0
M59,S0015,0
M60,S0015,0
M01,S0016,0
M02,S0016,0
M03,S0016,1
M04,S0016,0
M05,S0016,0
M06,S0016,1
M07,S0016,0
M08,S0016,1
M09,S0016,0
M10,S0016,1
M11,S0016,0
M12,S0016,1
M13,S0016,0
M14,S0016,0
M15,S0016,0
M16,S0016,1
M17,S0016,0
M18,S0016,1
M19,S0016,1
M20,S0016,0
M21,S0016,0
M22,S0016,0
M23,S0016,0
M24,S0016,0
M25,S0016,0
M26,S0016,1
M27,S0016,0
M28,S0016,0
M29,S0016,1
M30,S0016,0
M31,S0016,1
M32,S0016,0
M33,S0016,0
M34,S0016,1
M35,S0016,0
M36,S0016,1
M37,S0016,0
M38,S0016,1
M39,S0016,0
M40,S0016,0
M41,S0016,0
M42,S0016,1
M43,S0016,0
M44,S0016,0
M45,S0016,0
M46,S0016,0
M47,S0016,1
M48,S0016,1
M49,S0016,0
M50,S0016,0
M51,S0016,0
M52,S0016,0
M53,S0016,0
M54,S0016,0
M55,S0016,0
M56,S0016,0
M57,S0016,0
M58,S0016,0
M59,S0016,0
M60,S0016,0
M01,S0017,0
M02,S0017,1
M03,S0017,0
M04,S0017,0
M05,S0017,0
M06,S0017,0
M07,S0017,0
M08,S0017,1
M09,S0017,0
M10,S0017,0
M11,S0017,0
M12,S0017,1
M13,S0017,0
M14,S0017,0
M15,S0017,0
M16,S0017,1
M17,S0017,1
M18,S0017,0
M19,S0017,0
M20,S0017,0
M21,S0017,0
M22,S0017,1
M23,S0017,0
M24,S0017,1
M25,S0017,0
M26,S0017,0
M27,S0017,1
M28,S0017,1
M29,S0017,0
M30,S0017,1
M31,S0017,0
M32,S0017,0
M33,S0017,0
M34,S0017,0
M35,S0017,0
M36,S0017,0
M37,S0017,0
M38,S0017,1
M39,S0017,0
M40,S0017,1
M41,S0017,1
M42,S0017,0
M43,S0017,0
M44,S0017,0
M45,S0017,0
M46,S0017,0
M47,S0017,0
M48,S0017,0
M49,S0017,0
M50,S0017,0
M51,S0017,0
M52,S0017,0
M53,S0017,0
M54,S0017,0
M55,S0017,1
M56,S0017,0
M57,S0017,0
M58,S0017,1
M59,S0017,0
M60,S0017,0
M01,S0018,0
M02,S0018,0
M03,S0018,0
M04,S0018,0
M05,S0018,0
M06,S0018,0
M07,S0018,0
M08,S0018,1
M09,S0018,0
M10,S0018,0
M11,S0018,0
M12,S0018,1
M13,S0018,0
M14,S0018,0
M15,S0018,0
M16,S0018,1
M17,S0018,1
M18,S0018,0
M19,S0018,0
M20,S0018,0
M21,S0018,1
M22,S0018,0
M23,S0018,0
M24,S0018,1
M25,S0018,1
M26,S0018,1
M27,S0018,1
M28,S0018,1
M29,S0018,0
M30,S0018,1
M31,S0018,0
M32,S0018,0
M33,S0018,0
M34,S0018,0
M35,S0018,0
M36,S0018,0
M37,S0018,0
M38,S0018,1
M39,S0018,0
M40,S0018,1
M41,S0018,1
M42,S0018,0
M43,S0018,0
M44,S0018,0
M45,S0018,1
M46,S0018,0
M47,S0018,0
M48,S0018,0
M49,S0018,0
M50,S0018,0
M51,S0018,1
M52,S0018,0
M53,S0018,0
M54,S0018,0
M55,S0018,1
M56,S0018,0
M57,S0018,0
M58,S0018,1
M59,S0018,0
M60,S0018,0
M01,S0019,0
M02,S0019,0
M03,S0019,1
M04,S0019,1
M05,S0019,1
M06,S0019,0
M07,S0019,1
M08,S0019,0
M09,S0019,0
M10,S0019,0
M11,S0019,0
M12,S0019,0
M13,S0019,1
M14,S0019,1
M15,S0019,1
M16,S0019,0
M17,S0019,0
M18,S0019,0
M19,S0019,0
M20,S0019,1
M21,S0019,1
M22,S0019,0
M23,S0019,0
M24,S0019,1
M25,S0019,0
M26,S0019,1
M27,S0019,0
M28,S0019,1
M29,S0019,1
M30,S0019,1
M31,S0019,1
M32,S0019,1
M33,S0019,0
M34,S0019,0
M35,S0019,1
M36,S0019,0
M37,S0019,1
M38,S0019,0
M39,S0019,0
M40,S0019,0
M41,S0019,0
M42,S0019,0
M43,S0019,1
M44,S0019,1
M45,S0019,1
M46,S0019,0
M47,S0019,1
M48,S0019,1
M49,S0019,0
M50,S0019,0
M51,S0019,0
M52,S0019,0
M53,S0019,0
M54,S0019,1
M55,S0019,1
M56,S0019,1
M57,S0019,0
M58,S0019,0
M59,S0019,0
M60,S0019,1
M01,S0020,0
M02,S0020,0
M03,S0020,1
M04,S0020,1
M05,S0020,1
M06,S0020,0
M07,S0020,1
M08,S0020,0
M09,S0020,0
M10,S0020,1
M11,S0020,0
M12,S0020,0
M13,S0020,0
M14,S0020,1
M15,S0020,1
M16,S0020,0
M17,S0020,0
M18,S0020,0
M19,S0020,0
M20,S0020,1
M21,S0020,0
M22,S0020,0
M23,S0020,0
M24,S0020,0
M25,S0020,0
M26,S0020,1
M27,S0020,0
M28,S0020,1
M29,S0020,1
M30,S0020,1
M31,S0020,1
M32,S0020,1
M33,S0020,0
M34,S0020,0
M35,S0020,1
M36,S0020,0
M37,S0020,1
M38,S0020,1
M39,S0020,0
M40,S0020,0
M41,S0020,0
M42,S0020,0
M43,S0020,1
M44,S0020,1
M45,S0020,1
M46,S0020,0
M47,S0020,1
M48,S0020,1
M49,S0020,1
M50,S0020,0
M51,S0020,0
M52,S0020,0
M53,S0020,0
M54,S0020,1
M55,S0020,1
M56,S0020,1
M57,S0020,0
M58,S0020,0
M59,S0020,0
M60,S0020,1
M01,S0021,0
M02,S0021,0
M03,S0021,0
M04,S0021,0
M05,S0021,0
M06,S0021,0
M07,S0021,1
M08,S0021,0
M09,S0021,1
M10,S0021,0
M11,S0021,1
M12,S0021,0
M13,S0021,0
M14,S0021,0
M15,S0021,1
M16,S0021,0
M17,S0021,0
M18,S0021,1
M19,S0021,0
M20,S0021,0
M21,S0021,0
M22,S0021,0
M23,S0021,0
M24,S0021,1
M25,S0021,0
M26,S0021,0
M27,S0021,1
M28,S0021,0
M29,S0021,1
M30,S0021,1
M31,S0021,0
M32,S0021,0
M33,S0021,0
M34,S0021,0
M35,S0021,0
M36,S0021,1
M37,S0021,0
M38,S0021,0
M39,S0021,0
M40,S0021,1
M41,S0021,0
M42,S0021,0
M43,S0021,0
M44,S0021,1
M45,S0021,0
M46,S0021,0
M47,S0021,0
M48,S0021,0
M49,S0021,0
M50,S0021,1
M51,S0021,0
M52,S0021,0
M53,S0021,0
M54,S0021,0
M55,S0021,0
M56,S0021,0
M57,S0021,0
M58,S0021,0
M59,S0021,0
M60,S0021,1
M01,S0022,0
M02,S0022,0
M03,S0022,0
M04,S0022,0
M05,S0022,0
M06,S0022,0
M07,S0022,1
M08,S0022,0
M09,S0022,0
M10,S0022,0
M11,S0022,1
M12,S0022,0
M13,S0022,0
M14,S0022,0
M15,S0022,1
M16,S0022,0
M17,S0022,0
M18,S0022,1
M19,S0022,0
M20,S0022,0
M21,S0022,0
M22,S0022,0
M23,S0022,0
M24,S0022,1
M25,S0022,0
M26,S0022,0
M27,S0022,1
M28,S0022,0
M29,S0022,1
M30,S0022,1
M31,S0022,0
M32,S0022,0
M33,S0022,0
M34,S0022,0
M35,S0022,0
M36,S0022,1
M37,S0022,0
M38,S0022,0
M39,S0022,0
M40,S0022,1
M41,S0022,0
M42,S0022,1
M43,S0022,0
M44,S0022,1
M45,S0022,0
M46,S0022,0
M47,S0022,0
M48,S0022,0
M49,S0022,0
M50,S0022,1
M51,S0022,0
M52,S0022,0
M53,S0022,0
M54,S0022,0
M55,S0022,0
M56,S0022,0
M57,S0022,0
M58,S0022,0
M59,S0022,0
M60,S0022,1
M01,S0023,0
M02,S0023,0
M03,S0023,1
M04,S0023,0
M05,S0023,0
M06,S0023,1
M07,S0023,1
M08,S0023,1
M09,S0023,0
M10,S0023,1
M11,S0023,0
M12,S0023,1
M13,S0023,0
M14,S0023,0
M15,S0023,0
M16,S0023,1
M17,S0023,0
M18,S0023,1
M19,S0023,1
M20,S0023,0
M21,S0023,0
M22,S0023,0
M23,S0023,0
M24,S0023,0
M25,S0023,0
M26,S0023,1
M27,S0023,0
M28,S0023,0
M29,S0023,0
M30,S0023,0
M31,S0023,1
M32,S0023,0
M33,S0023,0
M34,S0023,1
M35,S0023,0
M36,S0023,1
M37,S0023,0
M38,S0023,1
M39,S0023,0
M40,S0023,0
M41,S0023,0
M42,S0023,1
M43,S0023,0
M44,S0023,0
M45,S0023,1
M46,S0023,0
M47,S0023,1
M48,S0023,1
M49,S0023,0
M50,S0023,1
M51,S0023,0
M52,S0023,0
M53,S0023,0
M54,S0023,0
M55,S0023,0
M56,S0023,0
M57,S0023,0
M58,S0023,0
M59,S0023,0
M60,S0023,0
M01,S0024,0
M02,S0024,1
M03,S0024,1
M04,S0024,0
M05,S0024,0
M06,S0024,1
M07,S0024,0
M08,S0024,1
M09,S0024,0
M10,S0024,1
M11,S0024,0
M12,S0024,1
M13,S0024,0
M14,S0024,0
M15,S0024,0
M16,S0024,1
M17,S0024,0
M18,S0024,1
M19,S0024,1
M20,S0024,0
M21,S0024,0
M22,S0024,0
M23,S0024,0
M24,S0024,0
M25,S0024,0
M26,S0024,1
M27,S0024,1
M28,S0024,0
M29,S0024,0
M30,S0024,1
M31,S0024,1
M32,S0024,0
M33,S0024,0
M34,S0024,1
M35,S0024,0
M36,S0024,1
M37,S0024,0
M38,S0024,1
M39,S0024,0
M40,S0024,0
M41,S0024,0
M42,S0024,1
M43,S0024,1
M44,S0024,0
M45,S0024,0
M46,S0024,0
M47,S0024,1
M48,S0024,1
M49,S0024,0
M50,S0024,1
M51,S0024,0
M52,S0024,0
M53,S0024,0
M54,S0024,0
M55,S0024,0
M56,S0024,0
M57,S0024,0
M58,S0024,1
M59,S0024,0
M60,S0024,0
M01,S0025,0
M02,S0025,1
M03,S0025,0
M04,S0025,0
M05,S0025,0
M06,S0025,1
M07,S0025,1
M08,S0025,0
M09,S0025,0
M10,S0025,1
M11,S0025,1
M12,S0025,0
M13,S0025,1
M14,S0025,0
M15,S0025,0
M16,S0025,1
M17,S0025,0
M18,S0025,0
M19,S0025,0
M20,S0025,0
M21,S0025,0
M22,S0025,0
M23,S0025,1
M24,S0025,0
M25,S0025,0
M26,S0025,1
M27,S0025,0
M28,S0025,0
M29,S0025,0
M30,S0025,0
M31,S0025,0
M32,S0025,1
M33,S0025,0
M34,S0025,1
M35,S0025,0
M36,S0025,0
M37,S0025,1
M38,S0025,1
M39,S0025,0
M40,S0025,1
M41,S0025,0
M42,S0025,1
M43,S0025,1
M44,S0025,1
M45,S0025,1
M46,S0025,1
M47,S0025,0
M48,S0025,0
M49,S0025,0
M50,S0025,0
M51,S0025,1
M52,S0025,1
M53,S0025,1
M54,S0025,0
M55,S0025,0
M56,S0025,0
M57,S0025,1
M58,S0025,1
M59,S0025,0
M60,S0025,0
M01,S0026,0
M02,S0026,1
M03,S0026,0
M04,S0026,0
M05,S0026,0
M06,S0026,1
M07,S0026,1
M08,S0026,0
M09,S0026,1
M10,S0026,1
M11,S0026,1
M12,S0026,0
M13,S0026,0
M14,S0026,0
M15,S0026,0
M16,S0026,1
M17,S0026,0
M18,S0026,0
M19,S0026,0
M20,S0026,0
M21,S0026,0
M22,S0026,0
M23,S0026,1
M24,S0026,0
M25,S0026,0
M26,S0026,1
M27,S0026,0
M28,S0026,0
M29,S0026,0
M30,S0026,0
M31,S0026,1
M32,S0026,1
M33,S0026,0
M34,S0026,1
M35,S0026,0
M36,S0026,0
M37,S0026,0
M38,S0026,1
M39,S0026,1
M40,S0026,1
M41,S0026,0
M42,S0026,1
M43,S0026,1
M44,S0026,1
M45,S0026,1
M46,S0026,0
M47,S0026,0
M48,S0026,0
M49,S0026,0
M50,S0026,0
M51,S0026,0
M52,S0026,0
M53,S0026,1
M54,S0026,0
M55,S0026,0
M56,S0026,0
M57,S0026,1
M58,S0026,1
M59,S0026,0
M60,S0026,0
M01,S0027,0
M02,S0027,0
M03,S0027,0
M04,S0027,1
M05,S0027,0
M06,S0027,0
M07,S0027,0
M08,S0027,1
M09,S0027,0
M10,S0027,0
M11,S0027,0
M12,S0027,1
M13,S0027,0
M14,S0027,0
M15,S0027,0
M16,S0027,1
M17,S0027,1
M18,S0027,0
M19,S0027,0
M20,S0027,0
M21,S0027,1
M22,S0027,0
M23,S0027,0
M24,S0027,0
M25,S0027,0
M26,S0027,0
M27,S0027,1
M28,S0027,1
M29,S0027,0
M30,S0027,1
M31,S0027,0
M32,S0027,0
M33,S0027,0
M34,S0027,0
M35,S0027,0
M36,S0027,0
M37,S0027,0
M38,S0027,1
M39,S0027,0
M40,S0027,1
M41,S0027,1
M42,S0027,0
M43,S0027,1
M44,S0027,0
M45,S0027,1
M46,S0027,0
M47,S0027,0
M48,S0027,1
M49,S0027,0
M50,S0027,0
M51,S0027,0
M52,S0027,0
M53,S0027,0
M54,S0027,0
M55,S0027,1
M56,S0027,0
M57,S0027,0
M58,S0027,1
M59,S0027,0
M60,S0027,0
M01,S0028,0
M02,S0028,0
M03,S0028,0
M04,S0028,0
M05,S0028,1
M06,S0028,0
M07,S0028,0
M08,S0028,1
M09,S0028,0
M10,S0028,0
M11,S0028,0
M12,S0028,1
M13,S0028,0
M14,S0028,0
M15,S0028,0
M16,S0028,1
M17,S0028,1
M18,S0028,0
M19,S0028,0
M20,S0028,0
M21,S0028,1
M22,S0028,1
M23,S0028,0
M24,S0028,1
M25,S0028,0
M26,S0028,0
M27,S0028,1
M28,S0028,1
M29,S0028,0
M30,S0028,1
M31,S0028,0
M32,S0028,0
M33,S0028,0
M34,S0028,0
M35,S0028,0
M36,S0028,0
M37,S0028,0
M38,S0028,1
M39,S0028,0
M40,S0028,1
M41,S0028,1
M42,S0028,0
M43,S0028,0
M44,S0028,0
M45,S0028,1
M46,S0028,0
M47,S0028,0
M48,S0028,0
M49,S0028,0
M50,S0028,1
M51,S0028,0
M52,S0028,0
M53,S0028,0
M54,S0028,1
M55,S0028,1
M56,S0028,0
M57,S0028,0
M58,S0028,1
M59,S0028,0
M60,S0028,0
M01,S0029,0
M02,S0029,0
M03,S0029,1
M04,S0029,1
M05,S0029,1
M06,S0029,1
M07,S0029,0
M08,S0029,1
M09,S0029,0
M10,S0029,0
M11,S0029,0
M12,S0029,1
M13,S0029,0
M14,S0029,1
M15,S0029,0
M16,S0029,1
M17,S0029,0
M18,S0029,1
M19,S0029,1
M20,S0029,0
M21,S0029,0
M22,S0029,0
M23,S0029,0
M24,S0029,0
M25,S0029,0
M26,S0029,1
M27,S0029,0
M28,S0029,0
M29,S0029,0
M30,S0029,0
M31,S0029,1
M32,S0029,0
M33,S0029,0
M34,S0029,1
M35,S0029,0
M36,S0029,1
M37,S0029,0
M38,S0029,1
M39,S0029,0
M40,S0029,0
M41,S0029,0
M42,S0029,1
M43,S0029,1
M44,S0029,0
M45,S0029,0
M46,S0029,0
M47,S0029,1
M48,S0029,1
M49,S0029,0
M50,S0029,1
M51,S0029,0
M52,S0029,0
M53,S0029,0
M54,S0029,1
M55,S0029,0
M56,S0029,0
M57,S0029,0
M58,S0029,0
M59,S0029,0
M60,S0029,0
M01,S0030,0
M02,S0030,0
M03,S0030,1
M04,S0030,0
M05,S0030,0
M06,S0030,1
M07,S0030,0
M08,S0030,1
M09,S0030,0
M10,S0030,1
M11,S0030,0
M12,S0030,1
M13,S0030,0
M14,S0030,0
M15,S0030,0
M16,S0030,1
M17,S0030,0
M18,S0030,1
M19,S0030,1
M20,S0030,0
M21,S0030,0
M22,S0030,1
M23,S0030,1
M24,S0030,0
M25,S0030,0
M26,S0030,1
M27,S0030,0
M28,S0030,0
M29,S0030,0
M30,S0030,0
M31,S0030,1
M32,S0030,0
M33,S0030,0
M34,S0030,1
M35,S0030,0
M36,S0030,1
M37,S0030,0
M38,S0030,1
M39,S0030,0
M40,S0030,0
M41,S0030,0
M42,S0030,1
M43,S0030,0
M44,S0030,0
M45,S0030,0
M46,S0030,0
M47,S0030,1
M48,S0030,1
M49,S0030,0
M50,S0030,1
M51,S0030,0
M52,S0030,0
M53,S0030,0
M54,S0030,0
M55,S0030,0
M56,S0030,0
M57,S0030,0
M58,S0030,0
M59,S0030,0
M60,S0030,0
M01,S0031,0
M02,S0031,0
M03,S0031,0
M04,S0031,0
M05,S0031,0
M06,S0031,0
M07,S0031,0
M08,S0031,1
M09,S0031,0
M10,S0031,0
M11,S0031,0
M12,S0031,1
M13,S0031,0
M14,S0031,0
M15,S0031,0
M16,S0031,1
M17,S0031,1
M18,S0031,0
M19,S0031,0
M20,S0031,0
M21,S0031,1
M22,S0031,1
M23,S0031,0
M24,S0031,1
M25,S0031,0
M26,S0031,1
M27,S0031,1
M28,S0031,1
M29,S0031,0
M30,S0031,1
M31,S0031,0
M32,S0031,0
M33,S0031,0
M34,S0031,0
M35,S0031,0
M36,S0031,0
M37,S0031,1
M38,S0031,1
M39,S0031,0
M40,S0031,1
M41,S0031,1
M42,S0031,0
M43,S0031,0
M44,S0031,0
M45,S0031,1
M46,S0031,0
M47,S0031,0
M48,S0031,0
M49,S0031,0
M50,S0031,0
M51,S0031,0
M52,S0031,0
M53,S0031,0
M54,S0031,0
M55,S0031,1
M56,S0031,0
M57,S0031,0
M58,S0031,1
M59,S0031,0
M60,S0031,0
M01,S0032,0
M02,S0032,0
M03,S0032,0
M04,S0032,0
M05,S0032,0
M06,S0032,0
M07,S0032,0
M08,S0032,1
M09,S0032,0
M10,S0032,0
M11,S0032,0
M12,S0032,1
M13,S0032,1
M14,S0032,0
M15,S0032,0
M16,S0032,1
M17,S0032,1
M18,S0032,0
M19,S0032,0
M20,S0032,0
M21,S0032,1
M22,S0032,1
M23,S0032,0
M24,S0032,1
M25,S0032,0
M26,S0032,0
M27,S0032,1
M28,S0032,1
M29,S0032,0
M30,S0032,1
M31,S0032,0
M32,S0032,0
M33,S0032,0
M34,S0032,0
M35,S0032,0
M36,S0032,0
M37,S0032,0
M38,S0032,1
M39,S0032,0
M40,S0032,1
M41,S0032,1
M42,S0032,0
M43,S0032,0
M44,S0032,0
M45,S0032,1
M46,S0032,0
M47,S0032,0
M48,S0032,0
M49,S0032,0
M50,S0032,0
M51,S0032,0
M52,S0032,0
M53,S0032,0
M54,S0032,0
M55,S0032,1
M56,S0032,0
M57,S0032,0
M58,S0032,1
M59,S0032,0
M60,S0032,0
M01,S0033,0
M02,S0033,1
M03,S0033,1
M04,S0033,1
M05,S0033,1
M06,S0033,0
M07,S0033,1
M08,S0033,0
M09,S0033,1
M10,S0033,1
M11,S0033,0
M12,S0033,0
M13,S0033,1
M14,S0033,1
M15,S0033,1
M16,S0033,0
M17,S0033,0
M18,S0033,0
M19,S0033,0
M20,S0033,1
M21,S0033,0
M22,S0033,0
M23,S0033,0
M24,S0033,0
M25,S0033,0
M26,S0033,1
M27,S0033,0
M28,S0033,1
M29,S0033,1
M30,S0033,1
M31,S0033,0
M32,S0033,1
M33,S0033,0
M34,S0033,0
M35,S0033,1
M36,S0033,0
M37,S0033,1
M38,S0033,1
M39,S0033,0
M40,S0033,0
M41,S0033,0
M42,S0033,0
M43,S0033,1
M44,S0033,1
M45,S0033,1
M46,S0033,0
M47,S0033,1
M48,S0033,1
M49,S0033,0
M50,S0033,0
M51,S0033,0
M52,S0033,0
M53,S0033,0
M54,S0033,1
M55,S0033,1
M56,S0033,1
M57,S0033,0
M58,S0033,0
M59,S0033,0
M60,S0033,1
M01,S0034,0
M02,S0034,0
M03,S0034,1
M04,S0034,1
M05,S0034,1
M06,S0034,0
M07,S0034,1
M08,S0034,0
M09,S0034,0
M10,S0034,0
M11,S0034,0
M12,S0034,0
M13,S0034,1
M14,S0034,1
M15,S0034,1
M16,S0034,0
M17,S0034,0
M18,S0034,0
M19,S0034,0
M20,S0034,1
M21,S0034,0
M22,S0034,0
M23,S0034,0
M24,S0034,0
M25,S0034,0
M26,S0034,1
M27,S0034,0
M28,S0034,1
M29,S0034,1
M30,S0034,1
M31,S0034,0
M32,S0034,1
M33,S0034,0
M34,S0034,0
M35,S0034,1
M36,S0034,0
M37,S0034,1
M38,S0034,1
M39,S0034,0
M40,S0034,0
M41,S0034,0
M42,S0034,0
M43,S0034,1
M44,S0034,0
M45,S0034,1
M46,S0034,0
M47,S0034,1
M48,S0034,1
M49,S0034,0
M50,S0034,0
M51,S0034,0
M52,S0034,1
M53,S0034,0
M54,S0034,1
M55,S0034,1
M56,S0034,0
M57,S0034,0
M58,S0034,0
M59,S0034,0
M60,S0034,1
M01,S0035,0
M02,S0035,0
M03,S0035,0
M04,S0035,0
M05,S0035,0
M06,S0035,0
M07,S0035,1
M08,S0035,0
M09,S0035,1
M10,S0035,0
M11,S0035,1
M12,S0035,0
M13,S0035,0
M14,S0035,0
M15,S0035,0
M16,S0035,0
M17,S0035,0
M18,S0035,1
M19,S0035,0
M20,S0035,0
M21,S0035,0
M22,S0035,0
M23,S0035,0
M24,S0035,1
M25,S0035,0
M26,S0035,0
M27,S0035,1
M28,S0035,0
M29,S0035,0
M30,S0035,1
M31,S0035,0
M32,S0035,0
M33,S0035,0
M34,S0035,0
M35,S0035,0
M36,S0035,1
M37,S0035,0
M38,S0035,0
M39,S0035,0
M40,S0035,1
M41,S0035,0
M42,S0035,0
M43,S0035,0
M44,S0035,1
M45,S0035,0
M46,S0035,0
M47,S0035,0
M48,S0035,0
M49,S0035,0
M50,S0035,1
M51,S0035,0
M52,S0035,0
M53,S0035,1
M54,S0035,0
M55,S0035,0
M56,S0035,0
M57,S0035,0
M58,S0035,0
M59,S0035,0
M60,S0035,1
M01,S0036,0
M02,S0036,0
M03,S0036,0
M04,S0036,0
M05,S0036,0
M06,S0036,0
M07,S0036,1
M08,S0036,1
M09,S0036,1
M10,S0036,1
M11,S0036,1
M12,S0036,0
M13,S0036,0
M14,S0036,0
M15,S0036,1
M16,S0036,0
M17,S0036,1
M18,S0036,1
M19,S0036,0
M20,S0036,0
M21,S0036,0
M22,S0036,0
M23,S0036,0
M24,S0036,1
M25,S0036,0
M26,S0036,0
M27,S0036,1
M28,S0036,0
M29,S0036,1
M30,S0036,1
M31,S0036,0
M32,S0036,0
M33,S0036,0
M34,S0036,0
M35,S0036,0
M36,S0036,1
M37,S0036,0
M38,S0036,0
M39,S0036,0
M40,S0036,1
M41,S0036,0
M42,S0036,0
M43,S0036,0
M44,S0036,1
M45,S0036,0
M46,S0036,0
M47,S0036,0
M48,S0036,0
M49,S0036,0
M50,S0036,1
M51,S0036,0
M52,S0036,0
M53,S0036,0
M54,S0036,0
M55,S0036,0
M56,S0036,0
M57,S0036,0
M58,S0036,0
M59,S0036,0
M60,S0036,1
M01,S0037,0
M02,S0037,0
M03,S0037,1
M04,S0037,0
M05,S0037,1
M06,S0037,1
M07,S0037,0
M08,S0037,1
M09,S0037,0
M10,S0037,1
M11,S0037,0
M12,S0037,1
M13,S0037,0
M14,S0037,0
M15,S0037,0
M16,S0037,1
M17,S0037,0
M18,S0037,1
M19,S0037,1
M20,S0037,0
M21,S0037,0
M22,S0037,0
M23,S0037,0
M24,S0037,0
M25,S0037,0
M26,S0037,1
M27,S0037,0
M28,S0037,0
M29,S0037,0
M30,S0037,0
M31,S0037,1
M32,S0037,0
M33,S0037,0
M34,S0037,1
M35,S0037,0
M36,S0037,1
M37,S0037,0
M38,S0037,1
M39,S0037,0
M40,S0037,0
M41,S0037,0
M42,S0037,1
M43,S0037,0
M44,S0037,0
M45,S0037,0
M46,S0037,0
M47,S0037,1
M48,S0037,1
M49,S0037,0
M50,S0037,1
M51,S0037,0
M52,S0037,0
M53,S0037,0
M54,S0037,0
M55,S0037,0
M56,S0037,0
M57,S0037,0
M58,S0037,0
M59,S0037,0
M60,S0037,0
M01,S0038,0
M02,S0038,0
M03,S0038,1
M04,S0038,0
M05,S0038,0
M06,S0038,1
M07,S0038,1
M08,S0038,1
M09,S0038,0
M10,S0038,1
M11,S0038,0
M12,S0038,1
M13,S0038,0
M14,S0038,0
M15,S0038,0
M16,S0038,1
M17,S0038,0
M18,S0038,1
M19,S0038,1
M20,S0038,0
M21,S0038,0
M22,S0038,0
M23,S0038,0
M24,S0038,0
M25,S0038,1
M26,S0038,1
M27,S0038,0
M28,S0038,0
M29,S0038,0
M30,S0038,0
M31,S0038,1
M32,S0038,0
M33,S0038,0
M34,S0038,1
M35,S0038,0
M36,S0038,1
M37,S0038,0
M38,S0038,1
M39,S0038,0
M40,S0038,0
M41,S0038,0
M42,S0038,1
M43,S0038,0
M44,S0038,0
M45,S0038,0
M46,S0038,0
M47,S0038,1
M48,S0038,1
M49,S0038,0
M50,S0038,1
M51,S0038,0
M52,S0038,0
M53,S0038,0
M54,S0038,0
M55,S0038,0
M56,S0038,0
M57,S0038,0
M58,S0038,0
M59,S0038,0
M60,S0038,0
M01,S0039,0
M02,S0039,1
M03,S0039,0
M04,S0039,0
M05,S0039,0
M06,S0039,1
M07,S0039,1
M08,S0039,0
M09,S0039,1
M10,S0039,1
M11,S0039,1
M12,S0039,0
M13,S0039,1
M14,S0039,0
M15,S0039,0
M16,S0039,1
M17,S0039,0
M18,S0039,0
M19,S0039,0
M20,S0039,0
M21,S0039,0
M22,S0039,0
M23,S0039,1
M24,S0039,0
M25,S0039,0
M26,S0039,0
M27,S0039,0
M28,S0039,0
M29,S0039,0
M30,S0039,0
M31,S0039,0
M32,S0039,1
M33,S0039,0
M34,S0039,1
M35,S0039,0
M36,S0039,0
M37,S0039,1
M38,S0039,1
M39,S0039,0
M40,S0039,1
M41,S0039,0
M42,S0039,1
M43,S0039,1
M44,S0039,1
M45,S0039,1
M46,S0039,0
M47,S0039,0
M48,S0039,0
M49,S0039,0
M50,S0039,0
M51,S0039,0
M52,S0039,1
M53,S0039,1
M54,S0039,0
M55,S0039,0
M56,S0039,0
M57,S0039,1
M58,S0039,1
M59,S0039,0
M60,S0039,0
M01,S0040,0
M02,S0040,1
M03,S0040,0
M04,S0040,0
M05,S0040,0
M06,S0040,1
M07,S0040,1
M08,S0040,0
M09,S0040,1
M10,S0040,1
M11,S0040,1
M12,S0040,0
M13,S0040,1
M14,S0040,0
M15,S0040,0
M16,S0040,1
M17,S0040,0
M18,S0040,0
M19,S0040,0
M20,S0040,0
M21,S0040,0
M22,S0040,0
M23,S0040,1
M24,S0040,0
M25,S0040,0
M26,S0040,1
M27,S0040,1
M28,S0040,0
M29,S0040,0
M30,S0040,0
M31,S0040,0
M32,S0040,1
M33,S0040,0
M34,S0040,0
M35,S0040,0
M36,S0040,0
M37,S0040,1
M38,S0040,0
M39,S0040,0
M40,S0040,1
M41,S0040,0
M42,S0040,1
M43,S0040,1
M44,S0040,1
M45,S0040,1
M46,S0040,0
M47,S0040,1
M48,S0040,0
M49,S0040,0
M50,S0040,0
M51,S0040,0
M52,S0040,1
M53,S0040,1
M54,S0040,0
M55,S0040,0
M56,S0040,0
M57,S0040,1
M58,S0040,0
M59,S0040,0
M60,S0040,0
M01,S0041,0
M02,S0041,0
M03,S0041,0
M04,S0041,0
M05,S0041,0
M06,S0041,0
M07,S0041,0
M08,S0041,1
M09,S0041,0
M10,S0041,0
M11,S0041,0
M12,S0041,1
M13,S0041,0
M14,S0041,0
M15,S0041,0
M16,S0041,1
M17,S0041,1
M18,S0041,0
M19,S0041,0
M20,S0041,0
M21,S0041,1
M22,S0041,1
M23,S0041,0
M24,S0041,1
M25,S0041,0
M26,S0041,0
M27,S0041,1
M28,S0041,1
M29,S0041,0
M30,S0041,1
M31,S0041,0
M32,S0041,0
M33,S0041,0
M34,S0041,0
M35,S0041,0
M36,S0041,0
M37,S0041,0
M38,S0041,1
M39,S0041,0
M40,S0041,1
M41,S0041,1
M42,S0041,0
M43,S0041,0
M44,S0041,0
M45,S0041,1
M46,S0041,0
M47,S0041,0
M48,S0041,0
M49,S0041,0
M50,S0041,0
M51,S0041,0
M52,S0041,0
M53,S0041,1
M54,S0041,0
M55,S0041,1
M56,S0041,0
M57,S0041,0
M58,S0041,1
M59,S0041,0
M60,S0041,0
M01,S0042,0
M02,S0042,0
M03,S0042,1
M04,S0042,0
M05,S0042,0
M06,S0042,0
M07,S0042,0
M08,S0042,1
M09,S0042,0
M10,S0042,0
M11,S0042,0
M12,S0042,1
M13,S0042,0
M14,S0042,0
M15,S0042,0
M16,S0042,1
M17,S0042,1
M18,S0042,0
M19,S0042,1
M20,S0042,0
M21,S0042,1
M22,S0042,1
M23,S0042,0
M24,S0042,1
M25,S0042,0
M26,S0042,0
M27,S0042,1
M28,S0042,0
M29,S0042,0
M30,S0042,1
M31,S0042,0
M32,S0042,0
M33,S0042,0
M34,S0042,0
M35,S0042,0
M36,S0042,0
M37,S0042,0
M38,S0042,1
M39,S0042,0
M40,S0042,1
M41,S0042,1
M42,S0042,0
M43,S0042,0
M44,S0042,0
M45,S0042,1
M46,S0042,0
M47,S0042,1
M48,S0042,0
M49,S0042,0
M50,S0042,0
M51,S0042,0
M52,S0042,1
M53,S0042,0
M54,S0042,0
M55,S0042,1
M56,S0042,0
M57,S0042,0
M58,S0042,1
M59,S0042,0
M60,S0042,0
M01,S0043,0
M02,S0043,0
M03,S0043,1
M04,S0043,0
M05,S0043,0
M06,S0043,1
M07,S0043,0
M08,S0043,1
M09,S0043,0
M10,S0043,1
M11,S0043,0
M12,S0043,1
M13,S0043,0
M14,S0043,0
M15,S0043,0
M16,S0043,0
M17,S0043,0
M18,S0043,1
M19,S0043,1
M20,S0043,0
M21,S0043,0
M22,S0043,0
M23,S0043,0
M24,S0043,0
M25,S0043,0
M26,S0043,0
M27,S0043,0
M28,S0043,0
M29,S0043,0
M30,S0043,0
M31,S0043,1
M32,S0043,0
M33,S0043,0
M34,S0043,1
M35,S0043,0
M36,S0043,1
M37,S0043,0
M38,S0043,1
M39,S0043,0
M40,S0043,0
M41,S0043,0
M42,S0043,1
M43,S0043,0
M44,S0043,0
M45,S0043,0
M46,S0043,0
M47,S0043,1
M48,S0043,0
M49,S0043,1
M50,S0043,1
M51,S0043,0
M52,S0043,0
M53,S0043,0
M54,S0043,0
M55,S0043,0
M56,S0043,0
M57,S0043,0
M58,S0043,0
M59,S0043,0
M60,S0043,0
M01,S0044,0
M02,S0044,0
M03,S0044,1
M04,S0044,0
M05,S0044,0
M06,S0044,1
M07,S0044,0
M08,S0044,1
M09,S0044,0
M10,S0044,1
M11,S0044,0
M12,S0044,1
M13,S0044,0
M14,S0044,0
M15,S0044,0
M16,S0044,1
M17,S0044,0
M18,S0044,1
M19,S0044,1
M20,S0044,0
M21,S0044,0
M22,S0044,0
M23,S0044,0
M24,S0044,0
M25,S0044,0
M26,S0044,1
M27,S0044,0
M28,S0044,0
M29,S0044,0
M30,S0044,0
M31,S0044,0
M32,S0044,0
M33,S0044,0
M34,S0044,1
M35,S0044,0
M36,S0044,1
M37,S0044,0
M38,S0044,1
M39,S0044,0
M40,S0044,0
M41,S0044,0
M42,S0044,1
M43,S0044,0
M44,S0044,0
M45,S0044,0
M46,S0044,0
M47,S0044,1
M48,S0044,1
M49,S0044,0
M50,S0044,1
M51,S0044,0
M52,S0044,0
M53,S0044,0
M54,S0044,1
M55,S0044,0
M56,S0044,0
M57,S0044,0
M58,S0044,0
M59,S0044,0
M60,S0044,0
M01,S0045,0
M02,S0045,0
M03,S0045,0
M04,S0045,0
M05,S0045,0
M06,S0045,0
M07,S0045,0
M08,S0045,1
M09,S0045,1
M10,S0045,1
M11,S0045,0
M12,S0045,1
M13,S0045,0
M14,S0045,0
M15,S0045,0
M16,S0045,1
M17,S0045,1
M18,S0045,0
M19,S0045,0
M20,S0045,0
M21,S0045,0
M22,S0045,1
M23,S0045,0
M24,S0045,1
M25,S0045,0
M26,S0045,0
M27,S0045,1
M28,S0045,1
M29,S0045,0
M30,S0045,1
M31,S0045,0
M32,S0045,1
M33,S0045,0
M34,S0045,0
M35,S0045,0
M36,S0045,0
M37,S0045,0
M38,S0045,1
M39,S0045,0
M40,S0045,1
M41,S0045,0
M42,S0045,0
M43,S0045,0
M44,S0045,0
M45,S0045,1
M46,S0045,0
M47,S0045,0
M48,S0045,0
M49,S0045,0
M50,S0045,1
M51,S0045,0
M52,S0045,0
M53,S0045,0
M54,S0045,0
M55,S0045,1
M56,S0045,0
M57,S0045,0
M58,S0045,1
M59,S0045,0
M60,S0045,0
M01,S0046,0
M02,S0046,0
M03,S0046,0
M04,S0046,0
M05,S0046,1
M06,S0046,0
M07,S0046,0
M08,S0046,1
M09,S0046,0
M10,S0046,0
M11,S0046,0
M12,S0046,1
M13,S0046,0
M14,S0046,0
M15,S0046,0
M16,S0046,1
M17,S0046,1
M18,S0046,0
M19,S0046,0
M20,S0046,0
M21,S0046,1
M22,S0046,1
M23,S0046,0
M24,S0046,1
M25,S0046,0
M26,S0046,0
M27,S0046,1
M28,S0046,1
M29,S0046,0
M30,S0046,1
M31,S0046,0
M32,S0046,1
M33,S0046,0
M34,S0046,0
M35,S0046,0
M36,S0046,0
M37,S0046,0
M38,S0046,1
M39,S0046,0
M40,S0046,1
M41,S0046,1
M42,S0046,0
M43,S0046,0
M44,S0046,0
M45,S0046,1
M46,S0046,0
M47,S0046,0
M48,S0046,0
M49,S0046,0
M50,S0046,0
M51,S0046,0
M52,S0046,0
M53,S0046,0
M54,S0046,0
M55,S0046,1
M56,S0046,0
M57,S0046,0
M58,S0046,1
M59,S0046,0
M60,S0046,0
M01,S0047,0
M02,S0047,0
M03,S0047,1
M04,S0047,1
M05,S0047,1
M06,S0047,0
M07,S0047,1
M08,S0047,0
M09,S0047,0
M10,S0047,0
M11,S0047,0
M12,S0047,1
M13,S0047,0
M14,S0047,1
M15,S0047,1
M16,S0047,0
M17,S0047,0
M18,S0047,0
M19,S0047,0
M20,S0047,1
M21,S0047,0
M22,S0047,0
M23,S0047,0
M24,S0047,1
M25,S0047,0
M26,S0047,1
M27,S0047,0
M28,S0047,1
M29,S0047,1
M30,S0047,0
M31,S0047,0
M32,S0047,1
M33,S0047,0
M34,S0047,0
M35,S0047,1
M36,S0047,0
M37,S0047,1
M38,S0047,1
M39,S0047,1
M40,S0047,0
M41,S0047,0
M42,S0047,0
M43,S0047,1
M44,S0047,1
M45,S0047,1
M46,S0047,0
M47,S0047,1
M48,S0047,1
M49,S0047,0
M50,S0047,0
M51,S0047,0
M52,S0047,0
M53,S0047,0
M54,S0047,1
M55,S0047,1
M56,S0047,1
M57,S0047,0
M58,S0047,0
M59,S0047,0
M60,S0047,1
M01,S0048,0
M02,S0048,0
M03,S0048,1
M04,S0048,1
M05,S0048,1
M06,S0048,0
M07,S0048,1
M08,S0048,0
M09,S0048,0
M10,S0048,0
M11,S0048,0
M12,S0048,0
M13,S0048,1
M14,S0048,1
M15,S0048,1
M16,S0048,0
M17,S0048,0
M18,S0048,0
M19,S0048,0
M20,S0048,1
M21,S0048,0
M22,S0048,0
M23,S0048,0
M24,S0048,0
M25,S0048,0
M26,S0048,1
M27,S0048,0
M28,S0048,1
M29,S0048,1
M30,S0048,1
M31,S0048,0
M32,S0048,1
M33,S0048,0
M34,S0048,0
M35,S0048,1
M36,S0048,0
M37,S0048,1
M38,S0048,1
M39,S0048,0
M40,S0048,0
M41,S0048,0
M42,S0048,0
M43,S0048,1
M44,S0048,1
M45,S0048,1
M46,S0048,0
M47,S0048,1
M48,S0048,1
M49,S0048,0
M50,S0048,0
M51,S0048,0
M52,S0048,0
M53,S0048,1
M54,S0048,1
M55,S0048,0
M56,S0048,1
M57,S0048,0
M58,S0048,0
M59,S0048,0
M60,S0048,1
M01,S0049,0
M02,S0049,0
M03,S0049,0
M04,S0049,0
M05,S0049,0
M06,S0049,0
M07,S0049,1
M08,S0049,0
M09,S0049,1
M10,S0049,0
M11,S0049,1
M12,S0049,0
M13,S0049,0
M14,S0049,0
M15,S0049,1
M16,S0049,0
M17,S0049,0
M18,S0049,1
M19,S0049,0
M20,S0049,0
M21,S0049,0
M22,S0049,0
M23,S0049,0
M24,S0049,0
M25,S0049,0
M26,S0049,0
M27,S0049,1
M28,S0049,0
M29,S0049,1
M30,S0049,1
M31,S0049,0
M32,S0049,0
M33,S0049,1
M34,S0049,0
M35,S0049,0
M36,S0049,1
M37,S0049,0
M38,S0049,0
M39,S0049,0
M40,S0049,1
M41,S0049,0
M42,S0049,0
M43,S0049,0
M44,S0049,1
M45,S0049,0
M46,S0049,0
M47,S0049,0
M48,S0049,0
M49,S0049,0
M50,S0049,1
M51,S0049,0
M52,S0049,0
M53,S0049,0
M54,S0049,0
M55,S0049,0
M56,S0049,0
M57,S0049,0
M58,S0049,0
M59,S0049,0
M60,S0049,1
M01,S0050,0
M02,S0050,0
M03,S0050,0
M04,S0050,0
M05,S0050,0
M06,S0050,0
M07,S0050,1
M08,S0050,0
M09,S0050,1
M10,S0050,0
M11,S0050,1
M12,S0050,0
M13,S0050,0
M14,S0050,0
M15,S0050,1
M16,S0050,0
M17,S0050,0
M18,S0050,1
M19,S0050,0
M20,S0050,0
M21,S0050,0
M22,S0050,0
M23,S0050,0
M24,S0050,1
M25,S0050,0
M26,S0050,0
M27,S0050,1
M28,S0050,0
M29,S0050,0
M30,S0050,1
M31,S0050,0
M32,S0050,0
M33,S0050,0
M34,S0050,0
M35,S0050,0
M36,S0050,1
M37,S0050,1
M38,S0050,0
M39,S0050,0
M40,S0050,1
M41,S0050,0
M42,S0050,0
M43,S0050,0
M44,S0050,1
M45,S0050,0
M46,S0050,0
M47,S0050,0
M48,S0050,0
M49,S0050,0
M50,S0050,1
M51,S0050,0
M52,S0050,0
M53,S0050,0
M54,S0050,0
M55,S0050,0
M56,S0050,0
M57,S0050,0
M58,S0050,0
M59,S0050,0
M60,S0050,1
M01,S0051,0
M02,S0051,0
M03,S0051,1
M04,S0051,1
M05,S0051,0
M06,S0051,0
M07,S0051,0
M08,S0051,1
M09,S0051,0
M10,S0051,1
M11,S0051,0
M12,S0051,1
M13,S0051,0
M14,S0051,0
M15,S0051,0
M16,S0051,1
M17,S0051,0
M18,S0051,1
M19,S0051,1
M20,S0051,0
M21,S0051,0
M22,S0051,0
M23,S0051,1
M24,S0051,0
M25,S0051,0
M26,S0051,1
M27,S0051,0
M28,S0051,0
M29,S0051,0
M30,S0051,0
M31,S0051,1
M32,S0051,0
M33,S0051,0
M34,S0051,0
M35,S0051,0
M36,S0051,1
M37,S0051,0
M38,S0051,1
M39,S0051,0
M40,S0051,0
M41,S0051,0
M42,S0051,1
M43,S0051,0
M44,S0051,0
M45,S0051,0
M46,S0051,0
M47,S0051,0
M48,S0051,1
M49,S0051,0
M50,S0051,1
M51,S0051,0
M52,S0051,0
M53,S0051,0
M54,S0051,0
M55,S0051,0
M56,S0051,0
M57,S0051,0
M58,S0051,0
M59,S0051,0
M60,S0051,0
M01,S0052,0
M02,S0052,0
M03,S0052,1
M04,S0052,0
M05,S0052,0
M06,S0052,1
M07,S0052,0
M08,S0052,1
M09,S0052,1
M10,S0052,1
M11,S0052,0
M12,S0052,1
M13,S0052,0
M14,S0052,0
M15,S0052,0
M16,S0052,1
M17,S0052,0
M18,S0052,1
M19,S0052,1
M20,S0052,0
M21,S0052,0
M22,S0052,0
M23,S0052,0
M24,S0052,0
M25,S0052,0
M26,S0052,1
M27,S0052,0
M28,S0052,0
M29,S0052,0
M30,S0052,1
M31,S0052,1
M32,S0052,0
M33,S0052,0
M34,S0052,1
M35,S0052,0
M36,S0052,1
M37,S0052,0
M38,S0052,1
M39,S0052,0
M40,S0052,0
M41,S0052,0
M42,S0052,1
M43,S0052,0
M44,S0052,0
M45,S0052,0
M46,S0052,0
M47,S0052,1
M48,S0052,1
M49,S0052,0
M50,S0052,1
M51,S0052,0
M52,S0052,0
M53,S0052,0
M54,S0052,0
M55,S0052,0
M56,S0052,0
M57,S0052,0
M58,S0052,0
M59,S0052,0
M60,S0052,0
M01,S0053,0
M02,S0053,1
M03,S0053,0
M04,S0053,0
M05,S0053,0
M06,S0053,1
M07,S0053,1
M08,S0053,0
M09,S0053,1
M10,S0053,1
M11,S0053,1
M12,S0053,0
M13,S0053,1
M14,S0053,0
M15,S0053,0
M16,S0053,1
M17,S0053,0
M18,S0053,0
M19,S0053,0
M20,S0053,0
M21,S0053,0
M22,S0053,0
M23,S0053,1
M24,S0053,0
M25,S0053,0
M26,S0053,1
M27,S0053,0
M28,S0053,0
M29,S0053,0
M30,S0053,0
M31,S0053,0
M32,S0053,1
M33,S0053,0
M34,S0053,1
M35,S0053,0
M36,S0053,0
M37,S0053,1
M38,S0053,1
M39,S0053,0
M40,S0053,1
M41,S0053,0
M42,S0053,1
M43,S0053,1
M44,S0053,1
M45,S0053,1
M46,S0053,0
M47,S0053,0
M48,S0053,0
M49,S0053,0
M50,S0053,0
M51,S0053,0
M52,S0053,1
M53,S0053,1
M54,S0053,0
M55,S0053,0
M56,S0053,0
M57,S0053,1
M58,S0053,1
M59,S0053,0
M60,S0053,0
M01,S0054,0
M02,S0054,1
M03,S0054,0
M04,S0054,0
M05,S0054,0
M06,S0054,1
M07,S0054,1
M08,S0054,0
M09,S0054,1
M10,S0054,1
M11,S0054,1
M12,S0054,0
M13,S0054,1
M14,S0054,0
M15,S0054,0
M16,S0054,1
M17,S0054,1
M18,S0054,0
M19,S0054,0
M20,S0054,1
M21,S0054,0
M22,S0054,0
M23,S0054,1
M24,S0054,0
M25,S0054,0
M26,S0054,1
M27,S0054,0
M28,S0054,0
M29,S0054,0
M30,S0054,0
M31,S0054,0
M32,S0054,1
M33,S0054,0
M34,S0054,1
M35,S0054,0
M36,S0054,0
M37,S0054,1
M38,S0054,1
M39,S0054,0
M40,S0054,1
M41,S0054,0
M42,S0054,0
M43,S0054,1
M44,S0054,1
M45,S0054,1
M46,S0054,0
M47,S0054,0
M48,S0054,0
M49,S0054,0
M50,S0054,0
M51,S0054,0
M52,S0054,1
M53,S0054,1
M54,S0054,0
M55,S0054,0
M56,S0054,1
M57,S0054,1
M58,S0054,1
M59,S0054,0
M60,S0054,0
M01,S0055,0
M02,S0055,0
M03,S0055,0
M04,S0055,0
M05,S0055,0
M06,S0055,0
M07,S0055,0
M08,S0055,1
M09,S0055,0
M10,S0055,0
M11,S0055,0
M12,S0055,1
M13,S0055,0
M14,S0055,0
M15,S0055,0
M16,S0055,1
M17,S0055,1
M18,S0055,0
M19,S0055,0
M20,S0055,0
M21,S0055,0
M22,S0055,0
M23,S0055,0
M24,S0055,0
M25,S0055,0
M26,S0055,0
M27,S0055,1
M28,S0055,1
M29,S0055,0
M30,S0055,1
M31,S0055,0
M32,S0055,0
M33,S0055,0
M34,S0055,0
M35,S0055,0
M36,S0055,0
M37,S0055,0
M38,S0055,1
M39,S0055,0
M40,S0055,1
M41,S0055,1
M42,S0055,0
M43,S0055,0
M44,S0055,0
M45,S0055,1
M46,S0055,0
M47,S0055,0
M48,S0055,0
M49,S0055,0
M50,S0055,0
M51,S0055,0
M52,S0055,0
M53,S0055,0
M54,S0055,0
M55,S0055,1
M56,S0055,0
M57,S0055,0
M58,S0055,1
M59,S0055,0
M60,S0055,0
M01,S0056,0
M02,S0056,0
M03,S0056,0
M04,S0056,0
M05,S0056,0
M06,S0056,0
M07,S0056,0
M08,S0056,1
M09,S0056,0
M10,S0056,0
M11,S0056,0
M12,S0056,1
M13,S0056,0
M14,S0056,0
M15,S0056,0
M16,S0056,1
M17,S0056,1
M18,S0056,0
M19,S0056,0
M20,S0056,0
M21,S0056,1
M22,S0056,1
M23,S0056,0
M24,S0056,1
M25,S0056,0
M26,S0056,0
M27,S0056,1
M28,S0056,1
M29,S0056,0
M30,S0056,1
M31,S0056,0
M32,S0056,0
M33,S0056,0
M34,S0056,1
M35,S0056,0
M36,S0056,0
M37,S0056,0
M38,S0056,1
M39,S0056,0
M40,S0056,1
M41,S0056,1
M42,S0056,0
M43,S0056,0
M44,S0056,0
M45,S0056,1
M46,S0056,0
M47,S0056,0
M48,S0056,0
M49,S0056,0
M50,S0056,0
M51,S0056,0
M52,S0056,0
M53,S0056,0
M54,S0056,0
M55,S0056,1
M56,S0056,0
M57,S0056,1
M58,S0056,1
M59,S0056,0
M60,S0056,0
M01,S0057,0
M02,S0057,0
M03,S0057,1
M04,S0057,0
M05,S0057,0
M06,S0057,1
M07,S0057,0
M08,S0057,1
M09,S0057,1
M10,S0057,1
M11,S0057,0
M12,S0057,1
M13,S0057,0
M14,S0057,0
M15,S0057,0
M16,S0057,1
M17,S0057,0
M18,S0057,1
M19,S0057,1
M20,S0057,0
M21,S0057,0
M22,S0057,0
M23,S0057,0
M24,S0057,0
M25,S0057,0
M26,S0057,1
M27,S0057,1
M28,S0057,0
M29,S0057,0
M30,S0057,0
M31,S0057,1
M32,S0057,0
M33,S0057,0
M34,S0057,1
M35,S0057,0
M36,S0057,1
M37,S0057,0
M38,S0057,1
M39,S0057,0
M40,S0057,0
M41,S0057,0
M42,S0057,1
M43,S0057,0
M44,S0057,0
M45,S0057,1
M46,S0057,0
M47,S0057,0
M48,S0057,1
M49,S0057,1
M50,S0057,1
M51,S0057,0
M52,S0057,0
M53,S0057,0
M54,S0057,1
M55,S0057,0
M56,S0057,0
M57,S0057,0
M58,S0057,1
M59,S0057,0
M60,S0057,0
M01,S0058,0
M02,S0058,0
M03,S0058,1
M04,S0058,0
M05,S0058,0
M06,S0058,1
M07,S0058,0
M08,S0058,1
M09,S0058,0
M10,S0058,1
M11,S0058,0
M12,S0058,1
M13,S0058,0
M14,S0058,0
M15,S0058,0
M16,S0058,1
M17,S0058,1
M18,S0058,1
M19,S0058,1
M20,S0058,0
M21,S0058,0
M22,S0058,0
M23,S0058,0
M24,S0058,0
M25,S0058,0
M26,S0058,1
M27,S0058,0
M28,S0058,0
M29,S0058,1
M30,S0058,0
M31,S0058,1
M32,S0058,0
M33,S0058,0
M34,S0058,1
M35,S0058,0
M36,S0058,1
M37,S0058,0
M38,S0058,1
M39,S0058,1
M40,S0058,0
M41,S0058,0
M42,S0058,1
M43,S0058,0
M44,S0058,0
M45,S0058,0
M46,S0058,0
M47,S0058,1
M48,S0058,1
M49,S0058,0
M50,S0058,1
M51,S0058,0
M52,S0058,0
M53,S0058,0
M54,S0058,0
M55,S0058,0
M56,S0058,0
M57,S0058,0
M58,S0058,0
M59,S0058,0
M60,S0058,0
M01,S0059,0
M02,S0059,0
M03,S0059,0
M04,S0059,0
M05,S0059,0
M06,S0059,0
M07,S0059,0
M08,S0059,1
M09,S0059,0
M10,S0059,0
M11,S0059,0
M12,S0059,1
M13,S0059,0
M14,S0059,0
M15,S0059,0
M16,S0059,1
M17,S0059,0
M18,S0059,0
M19,S0059,0
M20,S0059,0
M21,S0059,1
M22,S0059,1
M23,S0059,0
M24,S0059,1
M25,S0059,0
M26,S0059,0
M27,S0059,1
M28,S0059,1
M29,S0059,0
M30,S0059,1
M31,S0059,0
M32,S0059,0
M33,S0059,0
M34,S0059,0
M35,S0059,0
M36,S0059,0
M37,S0059,0
M38,S0059,1
M39,S0059,0
M40,S0059,1
M41,S0059,1
M42,S0059,0
M43,S0059,0
M44,S0059,0
M45,S0059,1
M46,S0059,0
M47,S0059,0
M48,S0059,0
M49,S0059,0
M50,S0059,0
M51,S0059,0
M52,S0059,0
M53,S0059,0
M54,S0059,0
M55,S0059,1
M56,S0059,1
M57,S0059,0
M58,S0059,1
M59,S0059,0
M60,S0059,0
M01,S0060,0
M02,S0060,0
M03,S0060,0
M04,S0060,0
M05,S0060,0
M06,S0060,0
M07,S0060,0
M08,S0060,0
M09,S0060,0
M10,S0060,0
M11,S0060,0
M12,S0060,1
M13,S0060,0
M14,S0060,0
M15,S0060,1
M16,S0060,1
M17,S0060,1
M18,S0060,0
M19,S0060,0
M20,S0060,0
M21,S0060,1
M22,S0060,1
M23,S0060,0
M24,S0060,1
M25,S0060,0
M26,S0060,0
M27,S0060,1
M28,S0060,1
M29,S0060,0
M30,S0060,1
M31,S0060,0
M32,S0060,0
M33,S0060,1
M34,S0060,0
M35,S0060,0
M36,S0060,0
M37,S0060,0
M38,S0060,1
M39,S0060,0
M40,S0060,1
M41,S0060,1
M42,S0060,0
M43,S0060,0
M44,S0060,0
M45,S0060,1
M46,S0060,0
M47,S0060,0
M48,S0060,0
M49,S0060,0
M50,S0060,0
M51,S0060,0
M52,S0060,0
M53,S0060,0
M54,S0060,0
M55,S0060,1
M56,S0060,0
M57,S0060,0
M58,S0060,1
M59,S0060,0
M60,S0060,0
M01,S0061,0
M02,S0061,0
M03,S0061,1
M04,S0061,0
M05,S0061,1
M06,S0061,0
M07,S0061,1
M08,S0061,0
M09,S0061,0
M10,S0061,0
M11,S0061,0
M12,S0061,0
M13,S0061,1
M14,S0061,1
M15,S0061,1
M16,S0061,0
M17,S0061,0
M18,S0061,0
M19,S0061,0
M20,S0061,1
M21,S0061,0
M22,S0061,0
M23,S0061,0
M24,S0061,0
M25,S0061,0
M26,S0061,1
M27,S0061,0
M28,S0061,1
M29,S0061,1
M30,S0061,1
M31,S0061,1
M32,S0061,1
M33,S0061,0
M34,S0061,0
M35,S0061,1
M36,S0061,0
M37,S0061,1
M38,S0061,1
M39,S0061,0
M40,S0061,0
M41,S0061,0
M42,S0061,0
M43,S0061,1
M44,S0061,1
M45,S0061,1
M46,S0061,0
M47,S0061,1
M48,S0061,0
M49,S0061,0
M50,S0061,0
M51,S0061,0
M52,S0061,0
M53,S0061,0
M54,S0061,1
M55,S0061,0
M56,S0061,1
M57,S0061,0
M58,S0061,0
M59,S0061,0
M60,S0061,1
M01,S0062,0
M02,S0062,0
M03,S0062,1
M04,S0062,1
M05,S0062,1
M06,S0062,0
M07,S0062,1
M08,S0062,0
M09,S0062,0
M10,S0062,0
M11,S0062,0
M12,S0062,0
M13,S0062,1
M14,S0062,1
M15,S0062,1
M16,S0062,0
M17,S0062,0
M18,S0062,0
M19,S0062,0
M20,S0062,1
M21,S0062,0
M22,S0062,1
M23,S0062,0
M24,S0062,0
M25,S0062,0
M26,S0062,1
M27,S0062,0
M28,S0062,1
M29,S0062,1
M30,S0062,1
M31,S0062,0
M32,S0062,1
M33,S0062,0
M34,S0062,0
M35,S0062,1
M36,S0062,0
M37,S0062,1
M38,S0062,1
M39,S0062,0
M40,S0062,0
M41,S0062,0
M42,S0062,0
M43,S0062,1
M44,S0062,1
M45,S0062,1
M46,S0062,0
M47,S0062,1
M48,S0062,1
M49,S0062,0
M50,S0062,0
M51,S0062,0
M52,S0062,1
M53,S0062,1
M54,S0062,1
M55,S0062,1
M56,S0062,1
M57,S0062,0
M58,S0062,0
M59,S0062,0
M60,S0062,1
M01,S0063,0
M02,S0063,0
M03,S0063,0
M04,S0063,0
M05,S0063,0
M06,S0063,0
M07,S0063,1
M08,S0063,0
M09,S0063,1
M10,S0063,1
M11,S0063,1
M12,S0063,0
M13,S0063,0
M14,S0063,0
M15,S0063,1
M16,S0063,0
M17,S0063,0
M18,S0063,1
M19,S0063,0
M20,S0063,0
M21,S0063,0
M22,S0063,0
M23,S0063,0
M24,S0063,1
M25,S0063,0
M26,S0063,0
M27,S0063,1
M28,S0063,0
M29,S0063,1
M30,S0063,1
M31,S0063,0
M32,S0063,0
M33,S0063,0
M34,S0063,0
M35,S0063,0
M36,S0063,1
M37,S0063,0
M38,S0063,0
M39,S0063,0
M40,S0063,1
M41,S0063,0
M42,S0063,0
M43,S0063,0
M44,S0063,1
M45,S0063,0
M46,S0063,0
M47,S0063,0
M48,S0063,0
M49,S0063,0
M50,S0063,1
M51,S0063,1
M52,S0063,0
M53,S0063,0
M54,S0063,0
M55,S0063,0
M56,S0063,0
M57,S0063,0
M58,S0063,0
M59,S0063,0
M60,S0063,1
M01,S0064,0
M02,S0064,0
M03,S0064,0
M04,S0064,0
M05,S0064,0
M06,S0064,0
M07,S0064,1
M08,S0064,0
M09,S0064,1
M10,S0064,0
M11,S0064,1
M12,S0064,0
M13,S0064,0
M14,S0064,0
M15,S0064,1
M16,S0064,0
M17,S0064,0
M18,S0064,1
M19,S0064,0
M20,S0064,0
M21,S0064,0
M22,S0064,0
M23,S0064,1
M24,S0064,1
M25,S0064,0
M26,S0064,0
M27,S0064,1
M28,S0064,0
M29,S0064,1
M30,S0064,1
M31,S0064,0
M32,S0064,0
M33,S0064,0
M34,S0064,0
M35,S0064,0
M36,S0064,1
M37,S0064,0
M38,S0064,0
M39,S0064,0
M40,S0064,1
M41,S0064,0
M42,S0064,0
M43,S0064,0
M44,S0064,1
M45,S0064,1
M46,S0064,0
M47,S0064,0
M48,S0064,0
M49,S0064,0
M50,S0064,1
M51,S0064,0
M52,S0064,0
M53,S0064,0
M54,S0064,0
M55,S0064,0
M56,S0064,0
M57,S0064,0
M58,S0064,0
M59,S0064,0
M60,S0064,1
M01,S0065,0
M02,S0065,1
M03,S0065,1
M04,S0065,0
M05,S0065,0
M06,S0065,1
M07,S0065,0
M08,S0065,1
M09,S0065,0
M10,S0065,1
M11,S0065,0
M12,S0065,1
M13,S0065,0
M14,S0065,0
M15,S0065,0
M16,S0065,0
M17,S0065,0
M18,S0065,1
M19,S0065,1
M20,S0065,0
M21,S0065,0
M22,S0065,0
M23,S0065,0
M24,S0065,0
M25,S0065,0
M26,S0065,1
M27,S0065,0
M28,S0065,0
M29,S0065,0
M30,S0065,1
M31,S0065,1
M32,S0065,0
M33,S0065,0
M34,S0065,1
M35,S0065,0
M36,S0065,1
M37,S0065,0
M38,S0065,1
M39,S0065,0
M40,S0065,0
M41,S0065,0
M42,S0065,1
M43,S0065,0
M44,S0065,0
M45,S0065,0
M46,S0065,0
M47,S0065,1
M48,S0065,1
M49,S0065,0
M50,S0065,1
M51,S0065,0
M52,S0065,0
M53,S0065,1
M54,S0065,0
M55,S0065,0
M56,S0065,0
M57,S0065,0
M58,S0065,0
M59,S0065,0
M60,S0065,0
M01,S0066,0
M02,S0066,0
M03,S0066,1
M04,S0066,0
M05,S0066,0
M06,S0066,1
M07,S0066,0
M08,S0066,1
M09,S0066,0
M10,S0066,1
M11,S0066,0
M12,S0066,1
M13,S0066,0
M14,S0066,0
M15,S0066,0
M16,S0066,1
M17,S0066,1
M18,S0066,1
M19,S0066,1
M20,S0066,0
M21,S0066,0
M22,S0066,0
M23,S0066,0
M24,S0066,0
M25,S0066,0
M26,S0066,1
M27,S0066,0
M28,S0066,0
M29,S0066,0
M30,S0066,0
M31,S0066,1
M32,S0066,0
M33,S0066,0
M34,S0066,1
M35,S0066,0
M36,S0066,1
M37,S0066,0
M38,S0066,1
M39,S0066,0
M40,S0066,0
M41,S0066,0
M42,S0066,1
M43,S0066,0
M44,S0066,0
M45,S0066,0
M46,S0066,0
M47,S0066,1
M48,S0066,1
M49,S0066,0
M50,S0066,1
M51,S0066,0
M52,S0066,0
M53,S0066,0
M54,S0066,0
M55,S0066,0
M56,S0066,0
M57,S0066,0
M58,S0066,0
M59,S0066,0
M60,S0066,0
M01,S0067,0
M02,S0067,1
M03,S0067,0
M04,S0067,0
M05,S0067,0
M06,S0067,1
M07,S0067,1
M08,S0067,0
M09,S0067,1
M10,S0067,1
M11,S0067,1
M12,S0067,0
M13,S0067,1
M14,S0067,0
M15,S0067,0
M16,S0067,1
M17,S0067,0
M18,S0067,0
M19,S0067,0
M20,S0067,0
M21,S0067,0
M22,S0067,1
M23,S0067,1
M24,S0067,0
M25,S0067,0
M26,S0067,1
M27,S0067,0
M28,S0067,0
M29,S0067,0
M30,S0067,0
M31,S0067,0
M32,S0067,1
M33,S0067,0
M34,S0067,1
M35,S0067,0
M36,S0067,0
M37,S0067,1
M38,S0067,1
M39,S0067,0
M40,S0067,1
M41,S0067,0
M42,S0067,1
M43,S0067,1
M44,S0067,1
M45,S0067,1
M46,S0067,0
M47,S0067,1
M48,S0067,0
M49,S0067,0
M50,S0067,0
M51,S0067,0
M52,S0067,1
M53,S0067,1
M54,S0067,0
M55,S0067,0
M56,S0067,0
M57,S0067,1
M58,S0067,1
M59,S0067,0
M60,S0067,0
M01,S0068,0
M02,S0068,1
M03,S0068,0
M04,S0068,0
M05,S0068,0
M06,S0068,1
M07,S0068,1
M08,S0068,0
M09,S0068,1
M10,S0068,1
M11,S0068,1
M12,S0068,0
M13,S0068,1
M14,S0068,0
M15,S0068,0
M16,S0068,1
M17,S0068,0
M18,S0068,0
M19,S0068,0
M20,S0068,0
M21,S0068,0
M22,S0068,0
M23,S0068,1
M24,S0068,0
M25,S0068,0
M26,S0068,1
M27,S0068,0
M28,S0068,0
M29,S0068,0
M30,S0068,0
M31,S0068,0
M32,S0068,1
M33,S0068,0
M34,S0068,1
M35,S0068,0
M36,S0068,0
M37,S0068,1
M38,S0068,1
M39,S0068,0
M40,S0068,1
M41,S0068,0
M42,S0068,1
M43,S0068,1
M44,S0068,1
M45,S0068,1
M46,S0068,0
M47,S0068,0
M48,S0068,0
M49,S0068,0
M50,S0068,0
M51,S0068,0
M52,S0068,1
M53,S0068,1
M54,S0068,0
M55,S0068,0
M56,S0068,0
M57,S0068,1
M58,S0068,1
M59,S0068,0
M60,S0068,0
M01,S0069,0
M02,S0069,0
M03,S0069,0
M04,S0069,1
M05,S0069,0
M06,S0069,1
M07,S0069,0
M08,S0069,1
M09,S0069,0
M10,S0069,0
M11,S0069,0
M12,S0069,1
M13,S0069,1
M14,S0069,0
M15,S0069,0
M16,S0069,1
M17,S0069,1
M18,S0069,0
M19,S0069,0
M20,S0069,0
M21,S0069,1
M22,S0069,1
M23,S0069,0
M24,S0069,1
M25,S0069,0
M26,S0069,0
M27,S0069,1
M28,S0069,1
M29,S0069,0
M30,S0069,1
M31,S0069,0
M32,S0069,0
M33,S0069,0
M34,S0069,0
M35,S0069,0
M36,S0069,0
M37,S0069,1
M38,S0069,1
M39,S0069,0
M40,S0069,1
M41,S0069,1
M42,S0069,0
M43,S0069,0
M44,S0069,0
M45,S0069,1
M46,S0069,1
M47,S0069,0
M48,S0069,0
M49,S0069,0
M50,S0069,0
M51,S0069,0
M52,S0069,0
M53,S0069,1
M54,S0069,0
M55,S0069,1
M56,S0069,0
M57,S0069,0
M58,S0069,1
M59,S0069,0
M60,S0069,0
M01,S0070,0
M02,S0070,0
M03,S0070,0
M04,S0070,0
M05,S0070,0
M06,S0070,0
M07,S0070,0
M08,S0070,1
M09,S0070,0
M10,S0070,0
M11,S0070,0
M12,S0070,1
M13,S0070,1
M14,S0070,0
M15,S0070,0
M16,S0070,1
M17,S0070,1
M18,S0070,0
M19,S0070,0
M20,S0070,0
M21,S0070,0
M22,S0070,1
M23,S0070,0
M24,S0070,1
M25,S0070,0
M26,S0070,0
M27,S0070,1
M28,S0070,1
M29,S0070,0
M30,S0070,1
M31,S0070,0
M32,S0070,0
M33,S0070,0
M34,S0070,0
M35,S0070,0
M36,S0070,1
M37,S0070,0
M38,S0070,1
M39,S0070,0
M40,S0070,1
M41,S0070,1
M42,S0070,0
M43,S0070,0
M44,S0070,0
M45,S0070,0
M46,S0070,0
M47,S0070,0
M48,S0070,0
M49,S0070,0
M50,S0070,0
M51,S0070,0
M52,S0070,1
M53,S0070,0
M54,S0070,0
M55,S0070,1
M56,S0070,0
M57,S0070,0
M58,S0070,1
M59,S0070,0
M60,S0070,0
M01,S0071,0
M02,S0071,0
M03,S0071,0
M04,S0071,0
M05,S0071,0
M06,S0071,1
M07,S0071,0
M08,S0071,1
M09,S0071,0
M10,S0071,1
M11,S0071,0
M12,S0071,1
M13,S0071,0
M14,S0071,0
M15,S0071,0
M16,S0071,1
M17,S0071,0
M18,S0071,0
M19,S0071,1
M20,S0071,0
M21,S0071,0
M22,S0071,0
M23,S0071,0
M24,S0071,0
M25,S0071,0
M26,S0071,1
M27,S0071,0
M28,S0071,0
M29,S0071,0
M30,S0071,0
M31,S0071,1
M32,S0071,0
M33,S0071,0
M34,S0071,1
M35,S0071,0
M36,S0071,1
M37,S0071,0
M38,S0071,1
M39,S0071,0
M40,S0071,0
M41,S0071,0
M42,S0071,1
M43,S0071,0
M44,S0071,1
M45,S0071,0
M46,S0071,0
M47,S0071,1
M48,S0071,1
M49,S0071,0
M50,S0071,1
M51,S0071,0
M52,S0071,0
M53,S0071,0
M54,S0071,0
M55,S0071,0
M56,S0071,0
M57,S0071,0
M58,S0071,0
M59,S0071,0
M60,S0071,0
M01,S0072,0
M02,S0072,0
M03,S0072,1
M04,S0072,0
M05,S0072,1
M06,S0072,1
M07,S0072,0
M08,S0072,1
M09,S0072,0
M10,S0072,1
M11,S0072,0
M12,S0072,1
M13,S0072,1
M14,S0072,0
M15,S0072,0
M16,S0072,1
M17,S0072,0
M18,S0072,1
M19,S0072,1
M20,S0072,0
M21,S0072,0
M22,S0072,0
M23,S0072,0
M24,S0072,0
M25,S0072,0
M26,S0072,0
M27,S0072,1
M28,S0072,0
M29,S0072,0
M30,S0072,0
M31,S0072,1
M32,S0072,0
M33,S0072,0
M34,S0072,1
M35,S0072,0
M36,S0072,1
M37,S0072,0
M38,S0072,1
M39,S0072,0
M40,S0072,0
M41,S0072,0
M42,S0072,1
M43,S0072,0
M44,S0072,1
M45,S0072,0
M46,S0072,0
M47,S0072,1
M48,S0072,1
M49,S0072,0
M50,S0072,1
M51,S0072,0
M52,S0072,0
M53,S0072,1
M54,S0072,0
M55,S0072,0
M56,S0072,0
M57,S0072,0
M58,S0072,0
M59,S0072,0
M60,S0072,0
M01,S0073,0
M02,S0073,0
M03,S0073,0
M04,S0073,0
M05,S0073,0
M06,S0073,0
M07,S0073,0
M08,S0073,1
M09,S0073,0
M10,S0073,0
M11,S0073,0
M12,S0073,1
M13,S0073,0
M14,S0073,0
M15,S0073,0
M16,S0073,1
M17,S0073,1
M18,S0073,0
M19,S0073,0
M20,S0073,0
M21,S0073,1
M22,S0073,1
M23,S0073,0
M24,S0073,1
M25,S0073,0
M26,S0073,0
M27,S0073,1
M28,S0073,1
M29,S0073,0
M30,S0073,1
M31,S0073,1
M32,S0073,0
M33,S0073,0
M34,S0073,0
M35,S0073,0
M36,S0073,0
M37,S0073,0
M38,S0073,1
M39,S0073,1
M40,S0073,1
M41,S0073,1
M42,S0073,0
M43,S0073,0
M44,S0073,0
M45,S0073,1
M46,S0073,0
M47,S0073,0
M48,S0073,0
M49,S0073,0
M50,S0073,0
M51,S0073,0
M52,S0073,0
M53,S0073,0
M54,S0073,0
M55,S0073,1
M56,S0073,0
M57,S0073,0
M58,S0073,1
M59,S0073,0
M60,S0073,0
M01,S0074,0
M02,S0074,0
M03,S0074,0
M04,S0074,0
M05,S0074,0
M06,S0074,0
M07,S0074,0
M08,S0074,1
M09,S0074,1
M10,S0074,1
M11,S0074,0
M12,S0074,1
M13,S0074,0
M14,S0074,0
M15,S0074,0
M16,S0074,1
M17,S0074,1
M18,S0074,0
M19,S0074,0
M20,S0074,0
M21,S0074,1
M22,S0074,1
M23,S0074,0
M24,S0074,1
M25,S0074,0
M26,S0074,0
M27,S0074,1
M28,S0074,1
M29,S0074,0
M30,S0074,1
M31,S0074,0
M32,S0074,1
M33,S0074,0
M34,S0074,0
M35,S0074,0
M36,S0074,0
M37,S0074,0
M38,S0074,1
M39,S0074,0
M40,S0074,1
M41,S0074,1
M42,S0074,0
M43,S0074,0
M44,S0074,0
M45,S0074,1
M46,S0074,1
M47,S0074,0
M48,S0074,0
M49,S0074,0
M50,S0074,0
M51,S0074,0
M52,S0074,0
M53,S0074,0
M54,S0074,0
M55,S0074,1
M56,S0074,0
M57,S0074,0
M58,S0074,1
M59,S0074,0
M60,S0074,1
M01,S0075,0
M02,S0075,1
M03,S0075,1
M04,S0075,1
M05,S0075,1
M06,S0075,0
M07,S0075,1
M08,S0075,0
M09,S0075,0
M10,S0075,0
M11,S0075,0
M12,S0075,0
M13,S0075,1
M14,S0075,1
M15,S0075,1
M16,S0075,0
M17,S0075,0
M18,S0075,0
M19,S0075,0
M20,S0075,1
M21,S0075,0
M22,S0075,0
M23,S0075,0
M24,S0075,0
M25,S0075,0
M26,S0075,1
M27,S0075,0
M28,S0075,1
M29,S0075,1
M30,S0075,1
M31,S0075,0
M32,S0075,1
M33,S0075,0
M34,S0075,1
M35,S0075,1
M36,S0075,0
M37,S0075,1
M38,S0075,1
M39,S0075,0
M40,S0075,0
M41,S0075,0
M42,S0075,0
M43,S0075,1
M44,S0075,1
M45,S0075,1
M46,S0075,0
M47,S0075,1
M48,S0075,1
M49,S0075,0
M50,S0075,0
M51,S0075,0
M52,S0075,0
M53,S0075,0
M54,S0075,1
M55,S0075,1
M56,S0075,1
M57,S0075,0
M58,S0075,0
M59,S0075,0
M60,S0075,0
M01,S0076,1
M02,S0076,0
M03,S0076,1
M04,S0076,1
M05,S0076,0
M06,S0076,1
M07,S0076,1
M08,S0076,0
M09,S0076,0
M10,S0076,0
M11,S0076,0
M12,S0076,0
M13,S0076,1
M14,S0076,1
M15,S0076,1
M16,S0076,0
M17,S0076,0
M18,S0076,0
M19,S0076,0
M20,S0076,1
M21,S0076,0
M22,S0076,0
M23,S0076,0
M24,S0076,0
M25,S0076,0
M26,S0076,1
M27,S0076,0
M28,S0076,1
M29,S0076,1
M30,S0076,1
M31,S0076,0
M32,S0076,1
M33,S0076,0
M34,S0076,0
M35,S0076,1
M36,S0076,0
M37,S0076,1
M38,S0076,1
M39,S0076,0
M40,S0076,0
M41,S0076,0
M42,S0076,0
M43,S0076,1
M44,S0076,1
M45,S0076,1
M46,S0076,0
M47,S0076,1
M48,S0076,1
M49,S0076,0
M50,S0076,0
M51,S0076,0
M52,S0076,0
M53,S0076,0
M54,S0076,1
M55,S0076,1
M56,S0076,1
M57,S0076,0
M58,S0076,0
M59,S0076,0
M60,S0076,1
M01,S0077,0
M02,S0077,0
M03,S0077,0
M04,S0077,0
M05,S0077,0
M06,S0077,0
M07,S0077,1
M08,S0077,0
M09,S0077,1
M10,S0077,0
M11,S0077,1
M12,S0077,0
M13,S0077,0
M14,S0077,0
M15,S0077,1
M16,S0077,0
M17,S0077,0
M18,S0077,1
M19,S0077,0
M20,S0077,0
M21,S0077,0
M22,S0077,0
M23,S0077,0
M24,S0077,1
M25,S0077,0
M26,S0077,0
M27,S0077,1
M28,S0077,0
M29,S0077,1
M30,S0077,1
M31,S0077,0
M32,S0077,0
M33,S0077,0
M34,S0077,0
M35,S0077,0
M36,S0077,1
M37,S0077,0
M38,S0077,0
M39,S0077,0
M40,S0077,1
M41,S0077,0
M42,S0077,0
M43,S0077,0
M44,S0077,1
M45,S0077,0
M46,S0077,0
M47,S0077,0
M48,S0077,0
M49,S0077,0
M50,S0077,1
M51,S0077,0
M52,S0077,0
M53,S0077,0
M54,S0077,0
M55,S0077,0
M56,S0077,0
M57,S0077,0
M58,S0077,0
M59,S0077,0
M60,S0077,1
M01,S0078,0
M02,S0078,0
M03,S0078,0
M04,S0078,0
M05,S0078,0
M06,S0078,0
M07,S0078,1
M08,S0078,0
M09,S0078,1
M10,S0078,0
M11,S0078,1
M12,S0078,0
M13,S0078,0
M14,S0078,1
M15,S0078,1
M16,S0078,0
M17,S0078,0
M18,S0078,1
M19,S0078,0
M20,S0078,0
M21,S0078,0
M22,S0078,1
M23,S0078,0
M24,S0078,1
M25,S0078,0
M26,S0078,0
M27,S0078,1
M28,S0078,0
M29,S0078,1
M30,S0078,1
M31,S0078,0
M32,S0078,0
M33,S0078,0
M34,S0078,0
M35,S0078,0
M36,S0078,1
M37,S0078,1
M38,S0078,0
M39,S0078,0
M40,S0078,1
M41,S0078,0
M42,S0078,0
M43,S0078,0
M44,S0078,1
M45,S0078,0
M46,S0078,0
M47,S0078,0
M48,S0078,0
M49,S0078,0
M50,S0078,1
M51,S0078,0
M52,S0078,0
M53,S0078,0
M54,S0078,0
M55,S0078,0
M56,S0078,0
M57,S0078,0
M58,S0078,0
M59,S0078,0
M60,S0078,1
M01,S0079,0
M02,S0079,0
M03,S0079,1
M04,S0079,0
M05,S0079,0
M06,S0079,1
M07,S0079,0
M08,S0079,1
M09,S0079,0
M10,S0079,1
M11,S0079,0
M12,S0079,1
M13,S0079,0
M14,S0079,0
M15,S0079,0
M16,S0079,1
M17,S0079,0
M18,S0079,1
M19,S0079,1
M20,S0079,0
M21,S0079,0
M22,S0079,0
M23,S0079,0
M24,S0079,0
M25,S0079,0
M26,S0079,1
M27,S0079,1
M28,S0079,0
M29,S0079,0
M30,S0079,0
M31,S0079,1
M32,S0079,0
M33,S0079,0
M34,S0079,1
M35,S0079,0
M36,S0079,1
M37,S0079,0
M38,S0079,1
M39,S0079,0
M40,S0079,1
M41,S0079,0
M42,S0079,1
M43,S0079,0
M44,S0079,0
M45,S0079,0
M46,S0079,0
M47,S0079,0
M48,S0079,1
M49,S0079,0
M50,S0079,1
M51,S0079,0
M52,S0079,0
M53,S0079,0
M54,S0079,0
M55,S0079,0
M56,S0079,0
M57,S0079,1
M58,S0079,0
M59,S0079,1
M60,S0079,0
M01,S0080,0
M02,S0080,0
M03,S0080,1
M04,S0080,0
M05,S0080,0
M06,S0080,1
M07,S0080,0
M08,S0080,1
M09,S0080,0
M10,S0080,1
M11,S0080,0
M12,S0080,1
M13,S0080,0
M14,S0080,1
M15,S0080,0
M16,S0080,1
M17,S0080,0
M18,S0080,1
M19,S0080,0
M20,S0080,0
M21,S0080,0
M22,S0080,0
M23,S0080,0
M24,S0080,0
M25,S0080,0
M26,S0080,1
M27,S0080,0
M28,S0080,0
M29,S0080,0
M30,S0080,0
M31,S0080,1
M32,S0080,0
M33,S0080,0
M34,S0080,1
M35,S0080,0
M36,S0080,1
M37,S0080,0
M38,S0080,0
M39,S0080,0
M40,S0080,0
M41,S0080,0
M42,S0080,1
M43,S0080,0
M44,S0080,0
M45,S0080,0
M46,S0080,0
M47,S0080,1
M48,S0080,1
M49,S0080,0
M50,S0080,1
M51,S0080,0
M52,S0080,0
M53,S0080,0
M54,S0080,0
M55,S0080,0
M56,S0080,0
M57,S0080,0
M58,S0080,0
M59,S0080,0
M60,S0080,0
M01,S0081,0
M02,S0081,1
M03,S0081,0
M04,S0081,0
M05,S0081,0
M06,S0081,1
M07,S0081,1
M08,S0081,0
M09,S0081,1
M10,S0081,1
M11,S0081,1
M12,S0081,0
M13,S0081,1
M14,S0081,0
M15,S0081,0
M16,S0081,1
M17,S0081,0
M18,S0081,1
M19,S0081,0
M20,S0081,0
M21,S0081,0
M22,S0081,0
M23,S0081,1
M24,S0081,0
M25,S0081,0
M26,S0081,1
M27,S0081,0
M28,S0081,0
M29,S0081,0
M30,S0081,0
M31,S0081,0
M32,S0081,0
M33,S0081,0
M34,S0081,1
M35,S0081,0
M36,S0081,0
M37,S0081,1
M38,S0081,1
M39,S0081,0
M40,S0081,1
M41,S0081,1
M42,S0081,1
M43,S0081,1
M44,S0081,1
M45,S0081,1
M46,S0081,0
M47,S0081,0
M48,S0081,0
M49,S0081,0
M50,S0081,0
M51,S0081,0
M52,S0081,1
M53,S0081,1
M54,S0081,1
M55,S0081,0
M56,S0081,1
M57,S0081,1
M58,S0081,1
M59,S0081,0
M60,S0081,0
M01,S0082,0
M02,S0082,1
M03,S0082,0
M04,S0082,0
M05,S0082,0
M06,S0082,1
M07,S0082,1
M08,S0082,0
M09,S0082,1
M10,S0082,1
M11,S0082,1
M12,S0082,1
M13,S0082,1
M14,S0082,0
M15,S0082,0
M16,S0082,1
M17,S0082,0
M18,S0082,0
M19,S0082,1
M20,S0082,0
M21,S0082,0
M22,S0082,0
M23,S0082,1
M24,S0082,0
M25,S0082,0
M26,S0082,1
M27,S0082,0
M28,S0082,0
M29,S0082,0
M30,S0082,0
M31,S0082,0
M32,S0082,1
M33,S0082,0
M34,S0082,1
M35,S0082,0
M36,S0082,0
M37,S0082,1
M38,S0082,1
M39,S0082,0
M40,S0082,1
M41,S0082,0
M42,S0082,1
M43,S0082,1
M44,S0082,1
M45,S0082,1
M46,S0082,0
M47,S0082,0
M48,S0082,0
M49,S0082,0
M50,S0082,1
M51,S0082,0
M52,S0082,1
M53,S0082,1
M54,S0082,0
M55,S0082,0
M56,S0082,0
M57,S0082,1
M58,S0082,1
M59,S0082,0
M60,S0082,0
M01,S0083,0
M02,S0083,0
M03,S0083,0
M04,S0083,0
M05,S0083,0
M06,S0083,0
M07,S0083,0
M08,S0083,1
M09,S0083,0
M10,S0083,0
M11,S0083,0
M12,S0083,1
M13,S0083,0
M14,S0083,0
M15,S0083,0
M16,S0083,1
M17,S0083,1
M18,S0083,0
M19,S0083,0
M20,S0083,0
M21,S0083,1
M22,S0083,1
M23,S0083,0
M24,S0083,1
M25,S0083,0
M26,S0083,0
M27,S0083,1
M28,S0083,1
M29,S0083,0
M30,S0083,1
M31,S0083,0
M32,S0083,0
M33,S0083,0
M34,S0083,0
M35,S0083,0
M36,S0083,0
M37,S0083,0
M38,S0083,0
M39,S0083,0
M40,S0083,1
M41,S0083,1
M42,S0083,0
M43,S0083,0
M44,S0083,0
M45,S0083,1
M46,S0083,0
M47,S0083,0
M48,S0083,1
M49,S0083,0
M50,S0083,0
M51,S0083,0
M52,S0083,0
M53,S0083,0
M54,S0083,0
M55,S0083,0
M56,S0083,0
M57,S0083,0
M58,S0083,1
M59,S0083,0
M60,S0083,0
M01,S0084,0
M02,S0084,1
M03,S0084,0
M04,S0084,0
M05,S0084,0
M06,S0084,0
M07,S0084,0
M08,S0084,1
M09,S0084,0
M10,S0084,0
M11,S0084,0
M12,S0084,0
M13,S0084,0
M14,S0084,0
M15,S0084,0
M16,S0084,1
M17,S0084,1
M18,S0084,0
M19,S0084,0
M20,S0084,0
M21,S0084,1
M22,S0084,1
M23,S0084,0
M24,S0084,1
M25,S0084,0
M26,S0084,0
M27,S0084,1
M28,S0084,1
M29,S0084,0
M30,S0084,1
M31,S0084,0
M32,S0084,0
M33,S0084,0
M34,S0084,0
M35,S0084,0
M36,S0084,0
M37,S0084,0
M38,S0084,1
M39,S0084,0
M40,S0084,1
M41,S0084,1
M42,S0084,0
M43,S0084,0
M44,S0084,0
M45,S0084,1
M46,S0084,0
M47,S0084,0
M48,S0084,0
M49,S0084,0
M50,S0084,0
M51,S0084,0
M52,S0084,0
M53,S0084,0
M54,S0084,0
M55,S0084,1
M56,S0084,0
M57,S0084,0
M58,S0084,1
M59,S0084,0
M60,S0084,0
M01,S0085,0
M02,S0085,0
M03,S0085,1
M04,S0085,0
M05,S0085,0
M06,S0085,1
M07,S0085,0
M08,S0085,1
M09,S0085,0
M10,S0085,1
M11,S0085,0
M12,S0085,1
M13,S0085,0
M14,S0085,0
M15,S0085,1
M16,S0085,1
M17,S0085,0
M18,S0085,0
M19,S0085,1
M20,S0085,0
M21,S0085,0
M22,S0085,0
M23,S0085,0
M24,S0085,0
M25,S0085,0
M26,S0085,1
M27,S0085,0
M28,S0085,0
M29,S0085,0
M30,S0085,0
M31,S0085,1
M32,S0085,0
M33,S0085,0
M34,S0085,1
M35,S0085,0
M36,S0085,1
M37,S0085,0
M38,S0085,1
M39,S0085,0
M40,S0085,0
M41,S0085,0
M42,S0085,1
M43,S0085,0
M44,S0085,0
M45,S0085,0
M46,S0085,0
M47,S0085,1
M48,S0085,1
M49,S0085,0
M50,S0085,1
M51,S0085,0
M52,S0085,0
M53,S0085,0
M54,S0085,0
M55,S0085,0
M56,S0085,0
M57,S0085,0
M58,S0085,0
M59,S0085,1
M60,S0085,0
M01,S0086,0
M02,S0086,0
M03,S0086,1
M04,S0086,0
M05,S0086,0
M06,S0086,1
M07,S0086,0
M08,S0086,0
M09,S0086,0
M10,S0086,1
M11,S0086,0
M12,S0086,1
M13,S0086,0
M14,S0086,0
M15,S0086,0
M16,S0086,1
M17,S0086,0
M18,S0086,1
M19,S0086,1
M20,S0086,0
M21,S0086,0
M22,S0086,0
M23,S0086,0
M24,S0086,0
M25,S0086,0
M26,S0086,1
M27,S0086,0
M28,S0086,0
M29,S0086,1
M30,S0086,0
M31,S0086,1
M32,S0086,0
M33,S0086,0
M34,S0086,1
M35,S0086,0
M36,S0086,1
M37,S0086,0
M38,S0086,1
M39,S0086,0
M40,S0086,0
M41,S0086,0
M42,S0086,1
M43,S0086,0
M44,S0086,0
M45,S0086,0
M46,S0086,0
M47,S0086,1
M48,S0086,1
M49,S0086,0
M50,S0086,1
M51,S0086,0
M52,S0086,0
M53,S0086,0
M54,S0086,0
M55,S0086,0
M56,S0086,0
M57,S0086,0
M58,S0086,0
M59,S0086,0
M60,S0086,0
M01,S0087,0
M02,S0087,0
M03,S0087,0
M04,S0087,0
M05,S0087,0
M06,S0087,0
M07,S0087,0
M08,S0087,1
M09,S0087,0
M10,S0087,0
M11,S0087,0
M12,S0087,1
M13,S0087,0
M14,S0087,0
M15,S0087,0
M16,S0087,1
M17,S0087,1
M18,S0087,0
M19,S0087,0
M20,S0087,0
M21,S0087,1
M22,S0087,1
M23,S0087,0
M24,S0087,1
M25,S0087,0
M26,S0087,0
M27,S0087,1
M28,S0087,1
M29,S0087,0
M30,S0087,1
M31,S0087,0
M32,S0087,0
M33,S0087,0
M34,S0087,0
M35,S0087,0
M36,S0087,0
M37,S0087,0
M38,S0087,1
M39,S0087,0
M40,S0087,1
M41,S0087,1
M42,S0087,0
M43,S0087,0
M44,S0087,0
M45,S0087,1
M46,S0087,0
M47,S0087,1
M48,S0087,0
M49,S0087,0
M50,S0087,0
M51,S0087,0
M52,S0087,0
M53,S0087,0
M54,S0087,0
M55,S0087,1
M56,S0087,0
M57,S0087,0
M58,S0087,1
M59,S0087,0
M60,S0087,1
M01,S0088,0
M02,S0088,0
M03,S0088,0
M04,S0088,0
M05,S0088,0
M06,S0088,0
M07,S0088,0
M08,S0088,1
M09,S0088,0
M10,S0088,0
M11,S0088,0
M12,S0088,1
M13,S0088,0
M14,S0088,0
M15,S0088,0
M16,S0088,1
M17,S0088,1
M18,S0088,0
M19,S0088,0
M20,S0088,1
M21,S0088,1
M22,S0088,1
M23,S0088,0
M24,S0088,0
M25,S0088,0
M26,S0088,0
M27,S0088,1
M28,S0088,1
M29,S0088,1
M30,S0088,0
M31,S0088,0
M32,S0088,0
M33,S0088,0
M34,S0088,0
M35,S0088,0
M36,S0088,0
M37,S0088,0
M38,S0088,1
M39,S0088,0
M40,S0088,1
M41,S0088,1
M42,S0088,1
M43,S0088,0
M44,S0088,0
M45,S0088,1
M46,S0088,0
M47,S0088,0
M48,S0088,0
M49,S0088,0
M50,S0088,0
M51,S0088,0
M52,S0088,0
M53,S0088,0
M54,S0088,0
M55,S0088,1
M56,S0088,0
M57,S0088,0
M58,S0088,1
M59,S0088,0
M60,S0088,0
M01,S0089,0
M02,S0089,0
M03,S0089,1
M04,S0089,1
M05,S0089,1
M06,S0089,0
M07,S0089,1
M08,S0089,0
M09,S0089,0
M10,S0089,0
M11,S0089,0
M12,S0089,0
M13,S0089,0
M14,S0089,1
M15,S0089,1
M16,S0089,0
M17,S0089,0
M18,S0089,0
M19,S0089,0
M20,S0089,1
M21,S0089,0
M22,S0089,0
M23,S0089,0
M24,S0089,0
M25,S0089,0
M26,S0089,1
M27,S0089,0
M28,S0089,1
M29,S0089,1
M30,S0089,1
M31,S0089,0
M32,S0089,1
M33,S0089,0
M34,S0089,0
M35,S0089,1
M36,S0089,0
M37,S0089,1
M38,S0089,1
M39,S0089,0
M40,S0089,0
M41,S0089,0
M42,S0089,0
M43,S0089,1
M44,S0089,1
M45,S0089,1
M46,S0089,0
M47,S0089,1
M48,S0089,1
M49,S0089,0
M50,S0089,0
M51,S0089,1
M52,S0089,0
M53,S0089,0
M54,S0089,1
M55,S0089,1
M56,S0089,1
M57,S0089,1
M58,S0089,0
M59,S0089,0
M60,S0089,1
M01,S0090,0
M02,S0090,0
M03,S0090,1
M04,S0090,1
M05,S0090,1
M06,S0090,0
M07,S0090,1
M08,S0090,0
M09,S0090,0
M10,S0090,0
M11,S0090,0
M12,S0090,0
M13,S0090,0
M14,S0090,1
M15,S0090,1
M16,S0090,0
M17,S0090,0
M18,S0090,0
M19,S0090,0
M20,S0090,1
M21,S0090,0
M22,S0090,0
M23,S0090,0
M24,S0090,0
M25,S0090,0
M26,S0090,1
M27,S0090,0
M28,S0090,1
M29,S0090,1
M30,S0090,1
M31,S0090,0
M32,S0090,1
M33,S0090,0
M34,S0090,0
M35,S0090,1
M36,S0090,0
M37,S0090,1
M38,S0090,1
M39,S0090,0
M40,S0090,0
M41,S0090,0
M42,S0090,0
M43,S0090,1
M44,S0090,1
M45,S0090,1
M46,S0090,0
M47,S0090,1
M48,S0090,1
M49,S0090,0
M50,S0090,0
M51,S0090,0
M52,S0090,0
M53,S0090,0
M54,S0090,1
M55,S0090,1
M56,S0090,1
M57,S0090,0
M58,S0090,0
M59,S0090,0
M60,S0090,1
M01,S0091,1
M02,S0091,0
M03,S0091,0
M04,S0091,0
M05,S0091,0
M06,S0091,0
M07,S0091,0
M08,S0091,0
M09,S0091,1
M10,S0091,0
M11,S0091,1
M12,S0091,0
M13,S0091,0
M14,S0091,0
M15,S0091,1
M16,S0091,0
M17,S0091,0
M18,S0091,1
M19,S0091,0
M20,S0091,0
M21,S0091,0
M22,S0091,0
M23,S0091,0
M24,S0091,1
M25,S0091,0
M26,S0091,0
M27,S0091,1
M28,S0091,0
M29,S0091,1
M30,S0091,1
M31,S0091,0
M32,S0091,0
M33,S0091,0
M34,S0091,1
M35,S0091,0
M36,S0091,1
M37,S0091,0
M38,S0091,0
M39,S0091,1
M40,S0091,1
M41,S0091,0
M42,S0091,0
M43,S0091,0
M44,S0091,1
M45,S0091,0
M46,S0091,0
M47,S0091,0
M48,S0091,0
M49,S0091,0
M50,S0091,1
M51,S0091,0
M52,S0091,0
M53,S0091,0
M54,S0091,0
M55,S0091,0
M56,S0091,0
M57,S0091,0
M58,S0091,1
M59,S0091,0
M60,S0091,1
M01,S0092,0
M02,S0092,0
M03,S0092,0
M04,S0092,0
M05,S0092,0
M06,S0092,0
M07,S0092,1
M08,S0092,0
M09,S0092,1
M10,S0092,0
M11,S0092,1
M12,S0092,0
M13,S0092,0
M14,S0092,0
M15,S0092,1
M16,S0092,0
M17,S0092,0
M18,S0092,1
M19,S0092,0
M20,S0092,0
M21,S0092,0
M22,S0092,0
M23,S0092,0
M24,S0092,1
M25,S0092,0
M26,S0092,0
M27,S0092,0
M28,S0092,0
M29,S0092,1
M30,S0092,1
M31,S0092,0
M32,S0092,0
M33,S0092,0
M34,S0092,0
M35,S0092,1
M36,S0092,1
M37,S0092,0
M38,S0092,0
M39,S0092,0
M40,S0092,1
M41,S0092,0
M42,S0092,0
M43,S0092,0
M44,S0092,0
M45,S0092,0
M46,S0092,0
M47,S0092,0
M48,S0092,0
M49,S0092,0
M50,S0092,1
M51,S0092,0
M52,S0092,0
M53,S0092,0
M54,S0092,0
M55,S0092,0
M56,S0092,0
M57,S0092,0
M58,S0092,0
M59,S0092,0
M60,S0092,1
M01,S0093,0
M02,S0093,0
M03,S0093,1
M04,S0093,0
M05,S0093,0
M06,S0093,1
M07,S0093,0
M08,S0093,1
M09,S0093,0
M10,S0093,1
M11,S0093,0
M12,S0093,1
M13,S0093,0
M14,S0093,0
M15,S0093,0
M16,S0093,1
M17,S0093,0
M18,S0093,1
M19,S0093,1
M20,S0093,0
M21,S0093,0
M22,S0093,0
M23,S0093,0
M24,S0093,0
M25,S0093,0
M26,S0093,1
M27,S0093,0
M28,S0093,0
M29,S0093,0
M30,S0093,0
M31,S0093,1
M32,S0093,1
M33,S0093,1
M34,S0093,1
M35,S0093,0
M36,S0093,1
M37,S0093,0
M38,S0093,1
M39,S0093,0
M40,S0093,0
M41,S0093,0
M42,S0093,1
M43,S0093,0
M44,S0093,0
M45,S0093,0
M46,S0093,0
M47,S0093,1
M48,S0093,1
M49,S0093,0
M50,S0093,1
M51,S0093,0
M52,S0093,0
M53,S0093,0
M54,S0093,0
M55,S0093,0
M56,S0093,0
M57,S0093,0
M58,S0093,0
M59,S0093,0
M60,S0093,0
M01,S0094,0
M02,S0094,1
M03,S0094,1
M04,S0094,0
M05,S0094,0
M06,S0094,1
M07,S0094,0
M08,S0094,1
M09,S0094,0
M10,S0094,1
M11,S0094,0
M12,S0094,1
M13,S0094,0
M14,S0094,0
M15,S0094,0
M16,S0094,1
M17,S0094,0
M18,S0094,1
M19,S0094,1
M20,S0094,0
M21,S0094,0
M22,S0094,0
M23,S0094,0
M24,S0094,0
M25,S0094,0
M26,S0094,1
M27,S0094,0
M28,S0094,0
M29,S0094,0
M30,S0094,0
M31,S0094,1
M32,S0094,0
M33,S0094,0
M34,S0094,1
M35,S0094,0
M36,S0094,1
M37,S0094,0
M38,S0094,1
M39,S0094,0
M40,S0094,1
M41,S0094,0
M42,S0094,1
M43,S0094,1
M44,S0094,0
M45,S0094,0
M46,S0094,0
M47,S0094,1
M48,S0094,1
M49,S0094,0
M50,S0094,1
M51,S0094,0
M52,S0094,0
M53,S0094,0
M54,S0094,0
M55,S0094,0
M56,S0094,0
M57,S0094,1
M58,S0094,0
M59,S0094,0
M60,S0094,0
M01,S0095,0
M02,S0095,1
M03,S0095,0
M04,S0095,0
M05,S0095,0
M06,S0095,1
M07,S0095,1
M08,S0095,0
M09,S0095,1
M10,S0095,1
M11,S0095,1
M12,S0095,0
M13,S0095,1
M14,S0095,0
M15,S0095,0
M16,S0095,1
M17,S0095,0
M18,S0095,0
M19,S0095,0
M20,S0095,0
M21,S0095,0
M22,S0095,0
M23,S0095,1
M24,S0095,0
M25,S0095,0
M26,S0095,0
M27,S0095,0
M28,S0095,0
M29,S0095,0
M30,S0095,0
M31,S0095,0
M32,S0095,1
M33,S0095,0
M34,S0095,1
M35,S0095,0
M36,S0095,1
M37,S0095,1
M38,S0095,1
M39,S0095,0
M40,S0095,1
M41,S0095,0
M42,S0095,1
M43,S0095,1
M44,S0095,1
M45,S0095,1
M46,S0095,0
M47,S0095,0
M48,S0095,0
M49,S0095,0
M50,S0095,0
M51,S0095,0
M52,S0095,1
M53,S0095,1
M54,S0095,1
M55,S0095,0
M56,S0095,0
M57,S0095,0
M58,S0095,1
M59,S0095,0
M60,S0095,0
M01,S0096,0
M02,S0096,1
M03,S0096,0
M04,S0096,0
M05,S0096,0
M06,S0096,1
M07,S0096,1
M08,S0096,0
M09,S0096,1
M10,S0096,1
M11,S0096,1
M12,S0096,0
M13,S0096,1
M14,S0096,0
M15,S0096,0
M16,S0096,1
M17,S0096,0
M18,S0096,0
M19,S0096,1
M20,S0096,0
M21,S0096,1
M22,S0096,0
M23,S0096,1
M24,S0096,0
M25,S0096,0
M26,S0096,1
M27,S0096,0
M28,S0096,0
M29,S0096,0
M30,S0096,0
M31,S0096,1
M32,S0096,1
M33,S0096,0
M34,S0096,1
M35,S0096,0
M36,S0096,0
M37,S0096,1
M38,S0096,1
M39,S0096,0
M40,S0096,1
M41,S0096,0
M42,S0096,1
M43,S0096,1
M44,S0096,1
M45,S0096,1
M46,S0096,0
M47,S0096,0
M48,S0096,0
M49,S0096,0
M50,S0096,0
M51,S0096,1
M52,S0096,1
M53,S0096,1
M54,S0096,0
M55,S0096,0
M56,S0096,0
M57,S0096,1
M58,S0096,1
M59,S0096,0
M60,S0096,0
M01,S0097,0
M02,S0097,0
M03,S0097,0
M04,S0097,0
M05,S0097,1
M06,S0097,0
M07,S0097,0
M08,S0097,1
M09,S0097,0
M10,S0097,0
M11,S0097,0
M12,S0097,1
M13,S0097,0
M14,S0097,0
M15,S0097,0
M16,S0097,1
M17,S0097,1
M18,S0097,0
M19,S0097,0
M20,S0097,0
M21,S0097,0
M22,S0097,1
M23,S0097,0
M24,S0097,1
M25,S0097,0
M26,S0097,0
M27,S0097,1
M28,S0097,1
M29,S0097,0
M30,S0097,1
M31,S0097,0
M32,S0097,0
M33,S0097,0
M34,S0097,0
M35,S0097,0
M36,S0097,0
M37,S0097,0
M38,S0097,0
M39,S0097,0
M40,S0097,1
M41,S0097,1
M42,S0097,0
M43,S0097,0
M44,S0097,0
M45,S0097,1
M46,S0097,1
M47,S0097,0
M48,S0097,0
M49,S0097,1
M50,S0097,1
M51,S0097,0
M52,S0097,0
M53,S0097,0
M54,S0097,0
M55,S0097,1
M56,S0097,0
M57,S0097,0
M58,S0097,1
M59,S0097,0
M60,S0097,0
M01,S0098,0
M02,S0098,0
M03,S0098,0
M04,S0098,0
M05,S0098,0
M06,S0098,0
M07,S0098,0
M08,S0098,1
M09,S0098,0
M10,S0098,0
M11,S0098,0
M12,S0098,1
M13,S0098,0
M14,S0098,0
M15,S0098,0
M16,S0098,1
M17,S0098,1
M18,S0098,0
M19,S0098,0
M20,S0098,0
M21,S0098,1
M22,S0098,1
M23,S0098,0
M24,S0098,1
M25,S0098,0
M26,S0098,0
M27,S0098,1
M28,S0098,1
M29,S0098,0
M30,S0098,1
M31,S0098,0
M32,S0098,0
M33,S0098,0
M34,S0098,0
M35,S0098,0
M36,S0098,0
M37,S0098,0
M38,S0098,1
M39,S0098,0
M40,S0098,0
M41,S0098,1
M42,S0098,0
M43,S0098,0
M44,S0098,0
M45,S0098,1
M46,S0098,0
M47,S0098,1
M48,S0098,0
M49,S0098,0
M50,S0098,0
M51,S0098,0
M52,S0098,1
M53,S0098,0
M54,S0098,0
M55,S0098,1
M56,S0098,0
M57,S0098,0
M58,S0098,1
M59,S0098,0
M60,S0098,0
M01,S0099,0
M02,S0099,0
M03,S0099,1
M04,S0099,0
M05,S0099,1
M06,S0099,1
M07,S0099,0
M08,S0099,1
M09,S0099,0
M10,S0099,1
M11,S0099,0
M12,S0099,1
M13,S0099,0
M14,S0099,0
M15,S0099,0
M16,S0099,1
M17,S0099,0
M18,S0099,1
M19,S0099,1
M20,S0099,0
M21,S0099,0
M22,S0099,0
M23,S0099,0
M24,S0099,0
M25,S0099,0
M26,S0099,1
M27,S0099,0
M28,S0099,0
M29,S0099,0
M30,S0099,0
M31,S0099,1
M32,S0099,0
M33,S0099,0
M34,S0099,1
M35,S0099,0
M36,S0099,0
M37,S0099,0
M38,S0099,1
M39,S0099,0
M40,S0099,0
M41,S0099,0
M42,S0099,0
M43,S0099,0
M44,S0099,0
M45,S0099,0
M46,S0099,0
M47,S0099,1
M48,S0099,1
M49,S0099,0
M50,S0099,1
M51,S0099,0
M52,S0099,0
M53,S0099,0
M54,S0099,0
M55,S0099,0
M56,S0099,0
M57,S0099,0
M58,S0099,0
M59,S0099,0
M60,S0099,0
M01,S0100,0
M02,S0100,0
M03,S0100,1
M04,S0100,0
M05,S0100,0
M06,S0100,1
M07,S0100,1
M08,S0100,1
M09,S0100,0
M10,S0100,1
M11,S0100,0
M12,S0100,1
M13,S0100,0
M14,S0100,0
M15,S0100,0
M16,S0100,1
M17,S0100,0
M18,S0100,1
M19,S0100,1
M20,S0100,0
M21,S0100,0
M22,S0100,0
M23,S0100,0
M24,S0100,0
M25,S0100,0
M26,S0100,1
M27,S0100,0
M28,S0100,0
M29,S0100,0
M30,S0100,0
M31,S0100,1
M32,S0100,0
M33,S0100,0
M34,S0100,1
M35,S0100,0
M36,S0100,1
M37,S0100,0
M38,S0100,1
M39,S0100,0
M40,S0100,0
M41,S0100,0
M42,S0100,1
M43,S0100,0
M44,S0100,0
M45,S0100,0
M46,S0100,0
M47,S0100,1
M48,S0100,1
M49,S0100,1
M50,S0100,1
M51,S0100,0
M52,S0100,0
M53,S0100,0
M54,S0100,0
M55,S0100,0
M56,S0100,0
M57,S0100,1
M58,S0100,0
M59,S0100,0
M60,S0100,0
M01,S0101,0
M02,S0101,0
M03,S0101,0
M04,S0101,0
M05,S0101,0
M06,S0101,0
M07,S0101,0
M08,S0101,1
M09,S0101,0
M10,S0101,0
M11,S0101,0
M12,S0101,1
M13,S0101,0
M14,S0101,0
M15,S0101,0
M16,S0101,1
M17,S0101,1
M18,S0101,0
M19,S0101,0
M20,S0101,0
M21,S0101,1
M22,S0101,1
M23,S0101,0
M24,S0101,1
M25,S0101,0
M26,S0101,0
M27,S0101,1
M28,S0101,1
M29,S0101,0
M30,S0101,1
M31,S0101,0
M32,S0101,0
M33,S0101,0
M34,S0101,0
M35,S0101,0
M36,S0101,0
M37,S0101,0
M38,S0101,1
M39,S0101,0
M40,S0101,1
M41,S0101,0
M42,S0101,0
M43,S0101,0
M44,S0101,0
M45,S0101,1
M46,S0101,0
M47,S0101,0
M48,S0101,0
M49,S0101,0
M50,S0101,0
M51,S0101,0
M52,S0101,0
M53,S0101,0
M54,S0101,0
M55,S0101,1
M56,S0101,0
M57,S0101,0
M58,S0101,1
M59,S0101,0
M60,S0101,0
M01,S0102,0
M02,S0102,0
M03,S0102,0
M04,S0102,0
M05,S0102,0
M06,S0102,0
M07,S0102,0
M08,S0102,1
M09,S0102,0
M10,S0102,0
M11,S0102,0
M12,S0102,1
M13,S0102,0
M14,S0102,0
M15,S0102,0
M16,S0102,1
M17,S0102,1
M18,S0102,0
M19,S0102,0
M20,S0102,0
M21,S0102,1
M22,S0102,1
M23,S0102,0
M24,S0102,1
M25,S0102,0
M26,S0102,0
M27,S0102,1
M28,S0102,1
M29,S0102,0
M30,S0102,1
M31,S0102,0
M32,S0102,0
M33,S0102,1
M34,S0102,0
M35,S0102,0
M36,S0102,0
M37,S0102,0
M38,S0102,0
M39,S0102,0
M40,S0102,1
M41,S0102,1
M42,S0102,1
M43,S0102,1
M44,S0102,0
M45,S0102,1
M46,S0102,0
M47,S0102,0
M48,S0102,0
M49,S0102,0
M50,S0102,0
M51,S0102,0
M52,S0102,0
M53,S0102,1
M54,S0102,0
M55,S0102,1
M56,S0102,0
M57,S0102,0
M58,S0102,1
M59,S0102,0
M60,S0102,0
M01,S0103,0
M02,S0103,0
M03,S0103,1
M04,S0103,1
M05,S0103,1
M06,S0103,0
M07,S0103,1
M08,S0103,0
M09,S0103,0
M10,S0103,0
M11,S0103,0
M12,S0103,0
M13,S0103,1
M14,S0103,1
M15,S0103,1
M16,S0103,0
M17,S0103,0
M18,S0103,0
M19,S0103,0
M20,S0103,1
M21,S0103,0
M22,S0103,0
M23,S0103,0
M24,S0103,0
M25,S0103,0
M26,S0103,1
M27,S0103,0
M28,S0103,1
M29,S0103,1
M30,S0103,1
M31,S0103,0
M32,S0103,1
M33,S0103,0
M34,S0103,0
M35,S0103,1
M36,S0103,0
M37,S0103,1
M38,S0103,1
M39,S0103,0
M40,S0103,1
M41,S0103,0
M42,S0103,0
M43,S0103,1
M44,S0103,1
M45,S0103,1
M46,S0103,0
M47,S0103,1
M48,S0103,1
M49,S0103,0
M50,S0103,0
M51,S0103,0
M52,S0103,0
M53,S0103,0
M54,S0103,1
M55,S0103,1
M56,S0103,1
M57,S0103,0
M58,S0103,0
M59,S0103,0
M60,S0103,1
M01,S0104,0
M02,S0104,0
M03,S0104,1
M04,S0104,1
M05,S0104,1
M06,S0104,0
M07,S0104,1
M08,S0104,0
M09,S0104,0
M10,S0104,0
M11,S0104,0
M12,S0104,0
M13,S0104,1
M14,S0104,1
M15,S0104,1
M16,S0104,0
M17,S0104,0
M18,S0104,0
M19,S0104,0
M20,S0104,1
M21,S0104,1
M22,S0104,0
M23,S0104,0
M24,S0104,0
M25,S0104,1
M26,S0104,1
M27,S0104,0
M28,S0104,1
M29,S0104,1
M30,S0104,1
M31,S0104,0
M32,S0104,1
M33,S0104,0
M34,S0104,0
M35,S0104,1
M36,S0104,0
M37,S0104,1
M38,S0104,1
M39,S0104,0
M40,S0104,0
M41,S0104,0
M42,S0104,0
M43,S0104,1
M44,S0104,1
M45,S0104,1
M46,S0104,0
M47,S0104,1
M48,S0104,1
M49,S0104,0
M50,S0104,0
M51,S0104,0
M52,S0104,0
M53,S0104,0
M54,S0104,1
M55,S0104,0
M56,S0104,1
M57,S0104,0
M58,S0104,0
M59,S0104,0
M60,S0104,1
M01,S0105,0
M02,S0105,0
M03,S0105,0
M04,S0105,0
M05,S0105,0
M06,S0105,1
M07,S0105,1
M08,S0105,0
M09,S0105,1
M10,S0105,0
M11,S0105,1
M12,S0105,0
M13,S0105,0
M14,S0105,0
M15,S0105,1
M16,S0105,0
M17,S0105,0
M18,S0105,1
M19,S0105,0
M20,S0105,0
M21,S0105,0
M22,S0105,0
M23,S0105,0
M24,S0105,1
M25,S0105,0
M26,S0105,1
M27,S0105,1
M28,S0105,0
M29,S0105,1
M30,S0105,1
M31,S0105,0
M32,S0105,0
M33,S0105,0
M34,S0105,0
M35,S0105,0
M36,S0105,1
M37,S0105,0
M38,S0105,0
M39,S0105,0
M40,S0105,1
M41,S0105,0
M42,S0105,0
M43,S0105,0
M44,S0105,1
M45,S0105,0
M46,S0105,0
M47,S0105,0
M48,S0105,0
M49,S0105,0
M50,S0105,1
M51,S0105,0
M52,S0105,0
M53,S0105,0
M54,S0105,0
M55,S0105,0
M56,S0105,0
M57,S0105,0
M58,S0105,0
M59,S0105,0
M60,S0105,1
M01,S0106,0
M02,S0106,0
M03,S0106,0
M04,S0106,0
M05,S0106,0
M06,S0106,0
M07,S0106,1
M08,S0106,1
M09,S0106,1
M10,S0106,0
M11,S0106,1
M12,S0106,0
M13,S0106,0
M14,S0106,0
M15,S0106,1
M16,S0106,0
M17,S0106,0
M18,S0106,1
M19,S0106,0
M20,S0106,0
M21,S0106,0
M22,S0106,0
M23,S0106,0
M24,S0106,1
M25,S0106,0
M26,S0106,1
M27,S0106,1
M28,S0106,0
M29,S0106,1
M30,S0106,1
M31,S0106,0
M32,S0106,0
M33,S0106,0
M34,S0106,0
M35,S0106,0
M36,S0106,1
M37,S0106,1
M38,S0106,0
M39,S0106,0
M40,S0106,1
M41,S0106,0
M42,S0106,0
M43,S0106,0
M44,S0106,1
M45,S0106,0
M46,S0106,0
M47,S0106,0
M48,S0106,0
M49,S0106,0
M50,S0106,1
M51,S0106,0
M52,S0106,0
M53,S0106,0
M54,S0106,0
M55,S0106,0
M56,S0106,0
M57,S0106,0
M58,S0106,0
M59,S0106,0
M60,S0106,1
M01,S0107,0
M02,S0107,0
M03,S0107,1
M04,S0107,0
M05,S0107,0
M06,S0107,1
M07,S0107,0
M08,S0107,1
M09,S0107,1
M10,S0107,1
M11,S0107,0
M12,S0107,1
M13,S0107,0
M14,S0107,0
M15,S0107,0
M16,S0107,1
M17,S0107,0
M18,S0107,1
M19,S0107,1
M20,S0107,0
M21,S0107,0
M22,S0107,0
M23,S0107,0
M24,S0107,0
M25,S0107,0
M26,S0107,1
M27,S0107,0
M28,S0107,0
M29,S0107,0
M30,S0107,0
M31,S0107,1
M32,S0107,0
M33,S0107,0
M34,S0107,1
M35,S0107,0
M36,S0107,1
M37,S0107,0
M38,S0107,1
M39,S0107,0
M40,S0107,0
M41,S0107,0
M42,S0107,1
M43,S0107,0
M44,S0107,0
M45,S0107,0
M46,S0107,0
M47,S0107,1
M48,S0107,1
M49,S0107,0
M50,S0107,1
M51,S0107,0
M52,S0107,0
M53,S0107,0
M54,S0107,0
M55,S0107,1
M56,S0107,0
M57,S0107,0
M58,S0107,0
M59,S0107,0
M60,S0107,0
M01,S0108,0
M02,S0108,0
M03,S0108,1
M04,S0108,0
M05,S0108,0
M06,S0108,1
M07,S0108,0
M08,S0108,1
M09,S0108,0
M10,S0108,1
M11,S0108,0
M12,S0108,0
M13,S0108,0
M14,S0108,0
M15,S0108,0
M16,S0108,1
M17,S0108,0
M18,S0108,1
M19,S0108,1
M20,S0108,0
M21,S0108,0
M22,S0108,0
M23,S0108,0
M24,S0108,0
M25,S0108,0
M26,S0108,1
M27,S0108,0
M28,S0108,0
M29,S0108,0
M30,S0108,0
M31,S0108,1
M32,S0108,0
M33,S0108,0
M34,S0108,1
M35,S0108,0
M36,S0108,1
M37,S0108,0
M38,S0108,1
M39,S0108,0
M40,S0108,0
M41,S0108,0
M42,S0108,1
M43,S0108,0
M44,S0108,0
M45,S0108,0
M46,S0108,0
M47,S0108,1
M48,S0108,1
M49,S0108,0
M50,S0108,1
M51,S0108,0
M52,S0108,0
M53,S0108,0
M54,S0108,0
M55,S0108,0
M56,S0108,0
M57,S0108,0
M58,S0108,0
M59,S0108,0
M60,S0108,0
M01,S0109,0
M02,S0109,1
M03,S0109,0
M04,S0109,0
M05,S0109,0
M06,S0109,1
M07,S0109,1
M08,S0109,0
M09,S0109,1
M10,S0109,1
M11,S0109,1
M12,S0109,0
M13,S0109,1
M14,S0109,0
M15,S0109,0
M16,S0109,1
M17,S0109,0
M18,S0109,0
M19,S0109,0
M20,S0109,0
M21,S0109,0
M22,S0109,0
M23,S0109,1
M24,S0109,0
M25,S0109,0
M26,S0109,1
M27,S0109,0
M28,S0109,0
M29,S0109,0
M30,S0109,0
M31,S0109,0
M32,S0109,1
M33,S0109,0
M34,S0109,1
M35,S0109,0
M36,S0109,0
M37,S0109,1
M38,S0109,1
M39,S0109,0
M40,S0109,1
M41,S0109,0
M42,S0109,1
M43,S0109,1
M44,S0109,1
M45,S0109,0
M46,S0109,0
M47,S0109,0
M48,S0109,0
M49,S0109,0
M50,S0109,1
M51,S0109,0
M52,S0109,1
M53,S0109,1
M54,S0109,0
M55,S0109,0
M56,S0109,0
M57,S0109,1
M58,S0109,1
M59,S0109,0
M60,S0109,0
M01,S0110,0
M02,S0110,1
M03,S0110,0
M04,S0110,1
M05,S0110,0
M06,S0110,1
M07,S0110,1
M08,S0110,0
M09,S0110,1
M10,S0110,1
M11,S0110,1
M12,S0110,1
M13,S0110,1
M14,S0110,0
M15,S0110,0
M16,S0110,1
M17,S0110,0
M18,S0110,0
M19,S0110,0
M20,S0110,0
M21,S0110,0
M22,S0110,0
M23,S0110,1
M24,S0110,0
M25,S0110,0
M26,S0110,1
M27,S0110,0
M28,S0110,0
M29,S0110,0
M30,S0110,0
M31,S0110,0
M32,S0110,1
M33,S0110,0
M34,S0110,1
M35,S0110,0
M36,S0110,0
M37,S0110,1
M38,S0110,1
M39,S0110,0
M40,S0110,0
M41,S0110,0
M42,S0110,1
M43,S0110,1
M44,S0110,1
M45,S0110,1
M46,S0110,0
M47,S0110,0
M48,S0110,0
M49,S0110,0
M50,S0110,0
M51,S0110,0
M52,S0110,1
M53,S0110,1
M54,S0110,0
M55,S0110,0
M56,S0110,0
M57,S0110,1
M58,S0110,1
M59,S0110,0
M60,S0110,0
M01,S0111,0
M02,S0111,0
M03,S0111,0
M04,S0111,0
M05,S0111,0
M06,S0111,0
M07,S0111,0
M08,S0111,1
M09,S0111,0
M10,S0111,0
M11,S0111,0
M12,S0111,1
M13,S0111,0
M14,S0111,0
M15,S0111,0
M16,S0111,1
M17,S0111,1
M18,S0111,0
M19,S0111,0
M20,S0111,0
M21,S0111,1
M22,S0111,1
M23,S0111,0
M24,S0111,1
M25,S0111,0
M26,S0111,0
M27,S0111,1
M28,S0111,1
M29,S0111,0
M30,S0111,1
M31,S0111,0
M32,S0111,0
M33,S0111,0
M34,S0111,0
M35,S0111,0
M36,S0111,0
M37,S0111,0
M38,S0111,1
M39,S0111,0
M40,S0111,1
M41,S0111,1
M42,S0111,0
M43,S0111,0
M44,S0111,0
M45,S0111,1
M46,S0111,0
M47,S0111,0
M48,S0111,0
M49,S0111,0
M50,S0111,0
M51,S0111,0
M52,S0111,0
M53,S0111,0
M54,S0111,0
M55,S0111,1
M56,S0111,0
M57,S0111,0
M58,S0111,1
M59,S0111,0
M60,S0111,0
M01,S0112,0
M02,S0112,1
M03,S0112,1
M04,S0112,0
M05,S0112,0
M06,S0112,0
M07,S0112,0
M08,S0112,1
M09,S0112,0
M10,S0112,0
M11,S0112,0
M12,S0112,1
M13,S0112,0
M14,S0112,0
M15,S0112,0
M16,S0112,1
M17,S0112,0
M18,S0112,0
M19,S0112,0
M20,S0112,0
M21,S0112,1
M22,S0112,1
M23,S0112,0
M24,S0112,1
M25,S0112,0
M26,S0112,0
M27,S0112,1
M28,S0112,1
M29,S0112,0
M30,S0112,1
M31,S0112,0
M32,S0112,0
M33,S0112,0
M34,S0112,0
M35,S0112,0
M36,S0112,0
M37,S0112,0
M38,S0112,1
M39,S0112,0
M40,S0112,1
M41,S0112,1
M42,S0112,0
M43,S0112,0
M44,S0112,0
M45,S0112,0
M46,S0112,0
M47,S0112,0
M48,S0112,0
M49,S0112,0
M50,S0112,0
M51,S0112,0
M52,S0112,1
M53,S0112,0
M54,S0112,0
M55,S0112,1
M56,S0112,0
M57,S0112,0
M58,S0112,1
M59,S0112,0
M60,S0112,0
