m1,m2,km
M01,M02,17.5
M02,M01,17.5
M01,M03,15.2
M03,M01,15.2
M01,M04,13.4
M04,M01,13.4
M01,M05,24.4
M05,M01,24.4
M01,M06,24.3
M06,M01,24.3
M01,M07,16.2
M07,M01,16.2
M01,M08,9.9
M08,M01,9.9
M01,M09,38.9
M09,M01,38.9
M01,M10,28.7
M10,M01,28.7
M01,M11,22.2
M11,M01,22.2
M01,M12,38.8
M12,M01,38.8
M01,M13,28.8
M13,M01,28.8
M01,M14,33.1
M14,M01,33.1
M01,M15,15.9
M15,M01,15.9
M01,M16,39.7
M16,M01,39.7
M01,M17,28.6
M17,M01,28.6
M01,M18,46.6
M18,M01,46.6
M01,M19,28.1
M19,M01,28.1
M01,M20,5.9
M20,M01,5.9
M01,M21,38.3
M21,M01,38.3
M01,M22,34.1
M22,M01,34.1
M01,M23,12.4
M23,M01,12.4
M01,M24,19.2
M24,M01,19.2
M01,M25,13.9
M25,M01,13.9
M01,M26,39.6
M26,M01,39.6
M01,M27,26.8
M27,M01,26.8
M01,M28,11.4
M28,M01,11.4
M01,M29,24.4
M29,M01,24.4
M01,M30,25.6
M30,M01,25.6
M01,M31,25.4
M31,M01,25.4
M01,M32,30.6
M32,M01,30.6
M01,M33,25.1
M33,M01,25.1
M01,M34,24.9
M34,M01,24.9
M01,M35,24.5
M35,M01,24.5
M01,M36,16.2
M36,M01,16.2
M01,M37,2.1
M37,M01,2.1
M01,M38,12.0
M38,M01,12.0
M01,M39,30.3
M39,M01,30.3
M01,M40,36.3
M40,M01,36.3
M01,M41,16.9
M41,M01,16.9
M01,M42,18.8
M42,M01,18.8
M01,M43,14.1
M43,M01,14.1
M01,M44,11.1
M44,M01,11.1
M01,M45,27.5
M45,M01,27.5
M01,M46,16.2
M46,M01,16.2
M01,M47,31.9
M47,M01,31.9
M01,M48,9.4
M48,M01,9.4
M01,M49,57.9
M49,M01,57.9
M01,M50,25.1
M50,M01,25.1
M01,M51,17.2
M51,M01,17.2
M01,M52,57.5
M52,M01,57.5
M01,M53,8.0
M53,M01,8.0
M01,M54,38.4
M54,M01,38.4
M01,M55,16.9
M55,M01,16.9
M01,M56,24.5
M56,M01,24.5
M01,M57,1.9
M57,M01,1.9
M01,M58,28.5
M58,M01,28.5
M01,M59,24.5
M59,M01,24.5
M01,M60,63.9
M60,M01,63.9
M02,M03,16.5
M03,M02,16.5
M02,M04,27.2
M04,M02,27.2
M02,M05,18.4
M05,M02,18.4
M02,M06,9.0
M06,M02,9.0
M02,M07,3.1
M07,M02,3.1
M02,M08,9.6
M08,M02,9.6
M02,M09,37.0
M09,M02,37.0
M02,M10,12.3
M10,M02,12.3
M02,M11,9.8
M11,M02,9.8
M02,M12,28.1
M12,M02,28.1
M02,M13,14.7
M13,M02,14.7
M02,M14,19.4
M14,M02,19.4
M02,M15,5.4
M15,M02,5.4
M02,M16,31.0
M16,M02,31.0
M02,M17,12.5
M17,M02,12.5
M02,M18,37.9
M18,M02,37.9
M02,M19,13.7
M19,M02,13.7
M02,M20,18.7
M20,M02,18.7
M02,M21,33.6
M21,M02,33.6
M02,M22,18.9
M22,M02,18.9
M02,M23,6.9
M23,M02,6.9
M02,M24,19.4
M24,M02,19.4
M02,M25,19.5
M25,M02,19.5
M02,M26,37.7
M26,M02,37.7
M02,M27,12.3
M27,M02,12.3
M02,M28,6.3
M28,M02,6.3
M02,M29,22.2
M29,M02,22.2
M02,M30,20.6
M30,M02,20.6
M02,M31,11.0
M31,M02,11.0
M02,M32,16.2
M32,M02,16.2
M02,M33,18.7
M33,M02,18.7
M02,M34,21.7
M34,M02,21.7
M02,M35,12.8
M35,M02,12.8
M02,M36,19.0
M36,M02,19.0
M02,M37,19.4
M37,M02,19.4
M02,M38,12.8
M38,M02,12.8
M02,M39,37.6
M39,M02,37.6
M02,M40,33.9
M40,M02,33.9
M02,M41,16.5
M41,M02,16.5
M02,M42,4.1
M42,M02,4.1
M02,M43,4.1
M43,M02,4.1
M02,M44,6.4
M44,M02,6.4
M02,M45,20.7
M45,M02,20.7
M02,M46,9.1
M46,M02,9.1
M02,M47,16.6
M47,M02,16.6
M02,M48,8.6
M48,M02,8.6
M02,M49,51.9
M49,M02,51.9
M02,M50,13.7
M50,M02,13.7
M02,M51,16.7
M51,M02,16.7
M02,M52,52.3
M52,M02,52.3
M02,M53,23.3
M53,M02,23.3
M02,M54,34.6
M54,M02,34.6
M02,M55,1.7
M55,M02,1.7
M02,M56,9.5
M56,M02,9.5
M02,M57,17.4
M57,M02,17.4
M02,M58,21.8
M58,M02,21.8
M02,M59,12.9
M59,M02,12.9
M02,M60,57.1
M60,M02,57.1
M03,M04,14.9
M04,M03,14.9
M03,M05,32.7
M05,M03,32.7
M03,M06,25.5
M06,M03,25.5
M03,M07,18.0
M07,M03,18.0
M03,M08,17.5
M08,M03,17.5
M03,M09,50.2
M09,M03,50.2
M03,M10,28.4
M10,M03,28.4
M03,M11,13.1
M11,M03,13.1
M03,M12,24.9
M12,M03,24.9
M03,M13,31.3
M13,M03,31.3
M03,M14,35.9
M14,M03,35.9
M03,M15,19.6
M15,M03,19.6
M03,M16,25.0
M16,M03,25.0
M03,M17,28.7
M17,M03,28.7
M03,M18,31.8
M18,M03,31.8
M03,M19,18.6
M19,M03,18.6
M03,M20,10.6
M20,M03,10.6
M03,M21,48.0
M21,M03,48.0
M03,M22,35.3
M22,M03,35.3
M03,M23,17.6
M23,M03,17.6
M03,M24,4.1
M24,M03,4.1
M03,M25,4.1
M25,M03,4.1
M03,M26,50.9
M26,M03,50.9
M03,M27,28.8
M27,M03,28.8
M03,M28,12.8
M28,M03,12.8
M03,M29,34.9
M29,M03,34.9
M03,M30,34.5
M30,M03,34.5
M03,M31,16.6
M31,M03,16.6
M03,M32,32.8
M32,M03,32.8
M03,M33,33.2
M33,M03,33.2
M03,M34,34.9
M34,M03,34.9
M03,M35,13.6
M35,M03,13.6
M03,M36,2.5
M36,M03,2.5
M03,M37,17.1
M37,M03,17.1
M03,M38,4.5
M38,M03,4.5
M03,M39,44.9
M39,M03,44.9
M03,M40,47.2
M40,M03,47.2
M03,M41,1.9
M41,M03,1.9
M03,M42,20.3
M42,M03,20.3
M03,M43,16.4
M43,M03,16.4
M03,M44,13.1
M44,M03,13.1
M03,M45,35.5
M45,M03,35.5
M03,M46,22.5
M46,M03,22.5
M03,M47,33.0
M47,M03,33.0
M03,M48,15.3
M48,M03,15.3
M03,M49,67.2
M49,M03,67.2
M03,M50,13.9
M50,M03,13.9
M03,M51,2.1
M51,M03,2.1
M03,M52,67.2
M52,M03,67.2
M03,M53,14.1
M53,M03,14.1
M03,M54,48.7
M54,M03,48.7
M03,M55,17.5
M55,M03,17.5
M03,M56,26.1
M56,M03,26.1
M03,M57,16.8
M57,M03,16.8
M03,M58,36.6
M58,M03,36.6
M03,M59,13.6
M59,M03,13.6
M03,M60,72.7
M60,M03,72.7
M04,M05,37.8
M05,M04,37.8
M04,M06,35.5
M06,M04,35.5
M04,M07,27.1
M07,M04,27.1
M04,M08,22.4
M08,M04,22.4
M04,M09,52.1
M09,M04,52.1
M04,M10,39.5
M10,M04,39.5
M04,M11,27.4
M11,M04,27.4
M04,M12,39.1
M12,M04,39.1
M04,M13,40.7
M13,M04,40.7
M04,M14,45.3
M14,M04,45.3
M04,M15,27.6
M15,M04,27.6
M04,M16,38.3
M16,M04,38.3
M04,M17,39.5
M17,M04,39.5
M04,M18,44.5
M18,M04,44.5
M04,M19,33.2
M19,M04,33.2
M04,M20,8.9
M20,M04,8.9
M04,M21,51.7
M21,M04,51.7
M04,M22,45.6
M22,M04,45.6
M04,M23,24.4
M23,M04,24.4
M04,M24,16.9
M24,M04,16.9
M04,M25,10.9
M25,M04,10.9
M04,M26,52.8
M26,M04,52.8
M04,M27,38.5
M27,M04,38.5
M04,M28,21.2
M28,M04,21.2
M04,M29,37.8
M29,M04,37.8
M04,M30,39.0
M30,M04,39.0
M04,M31,31.0
M31,M04,31.0
M04,M32,42.4
M32,M04,42.4
M04,M33,38.4
M33,M04,38.4
M04,M34,38.3
M34,M04,38.3
M04,M35,28.4
M35,M04,28.4
M04,M36,13.6
M36,M04,13.6
M04,M37,13.5
M37,M04,13.5
M04,M38,15.6
M38,M04,15.6
M04,M39,41.2
M39,M04,41.2
M04,M40,49.6
M40,M04,49.6
M04,M41,16.6
M41,M04,16.6
M04,M42,29.8
M42,M04,29.8
M04,M43,25.0
M43,M04,25.0
M04,M44,21.3
M44,M04,21.3
M04,M45,40.8
M45,M04,40.8
M04,M46,28.8
M46,M04,28.8
M04,M47,43.4
M47,M04,43.4
M04,M48,21.1
M48,M04,21.1
M04,M49,71.3
M49,M04,71.3
M04,M50,28.8
M50,M04,28.8
M04,M51,16.7
M51,M04,16.7
M04,M52,70.8
M52,M04,70.8
M04,M53,5.5
M53,M04,5.5
M04,M54,51.8
M54,M04,51.8
M04,M55,27.3
M55,M04,27.3
M04,M56,35.9
M56,M04,35.9
M04,M57,15.2
M57,M04,15.2
M04,M58,41.9
M58,M04,41.9
M04,M59,28.3
M59,M04,28.3
M04,M60,77.3
M60,M04,77.3
M05,M06,13.5
M06,M05,13.5
M05,M07,15.7
M07,M05,15.7
M05,M08,15.9
M08,M05,15.9
M05,M09,18.7
M09,M05,18.7
M05,M10,16.6
M10,M05,16.6
M05,M11,28.1
M11,M05,28.1
M05,M12,45.8
M12,M05,45.8
M05,M13,12.1
M13,M05,12.1
M05,M14,13.5
M14,M05,13.5
M05,M15,13.5
M15,M05,13.5
M05,M16,49.1
M16,M05,49.1
M05,M17,16.0
M17,M05,16.0
M05,M18,55.9
M18,M05,55.9
M05,M19,30.8
M19,M05,30.8
M05,M20,29.2
M20,M05,29.2
M05,M21,15.4
M21,M05,15.4
M05,M22,16.6
M22,M05,16.6
M05,M23,15.1
M23,M05,15.1
M05,M24,36.3
M24,M05,36.3
M05,M25,34.2
M25,M05,34.2
M05,M26,19.4
M26,M05,19.4
M05,M27,12.3
M27,M05,12.3
M05,M28,20.0
M28,M05,20.0
M05,M29,5.4
M29,M05,5.4
M05,M30,2.2
M30,M05,2.2
M05,M31,28.4
M31,M05,28.4
M05,M32,13.2
M32,M05,13.2
M05,M33,0.8
M33,M05,0.8
M05,M34,4.3
M34,M05,4.3
M05,M35,31.1
M35,M05,31.1
M05,M36,34.9
M36,M05,34.9
M05,M37,24.9
M37,M05,24.9
M05,M38,28.3
M38,M05,28.3
M05,M39,24.4
M39,M05,24.4
M05,M40,15.5
M40,M05,15.5
M05,M41,33.3
M41,M05,33.3
M05,M42,14.6
M42,M05,14.6
M05,M43,16.6
M43,M05,16.6
M05,M44,19.6
M44,M05,19.6
M05,M45,3.0
M45,M05,3.0
M05,M46,10.2
M46,M05,10.2
M05,M47,15.7
M47,M05,15.7
M05,M48,17.8
M48,M05,17.8
M05,M49,34.5
M49,M05,34.5
M05,M50,31.9
M50,M05,31.9
M05,M51,33.6
M51,M05,33.6
M05,M52,34.5
M52,M05,34.5
M05,M53,32.4
M53,M05,32.4
M05,M54,16.2
M54,M05,16.2
M05,M55,16.8
M55,M05,16.8
M05,M56,13.1
M56,M05,13.1
M05,M57,22.9
M57,M05,22.9
M05,M58,4.1
M58,M05,4.1
M05,M59,31.2
M59,M05,31.2
M05,M60,40.2
M60,M05,40.2
M06,M07,8.4
M07,M06,8.4
M06,M08,14.6
M08,M06,14.6
M06,M09,31.6
M09,M06,31.6
M06,M10,4.7
M10,M06,4.7
M06,M11,16.7
M11,M06,16.7
M06,M12,33.0
M12,M06,33.0
M06,M13,5.8
M13,M06,5.8
M06,M14,10.4
M14,M06,10.4
M06,M15,8.3
M15,M06,8.3
M06,M16,36.7
M16,M06,36.7
M06,M17,4.4
M17,M06,4.4
M06,M18,43.3
M18,M06,43.3
M06,M19,17.9
M19,M06,17.9
M06,M20,26.7
M20,M06,26.7
M06,M21,27.2
M21,M06,27.2
M06,M22,10.1
M22,M06,10.1
M06,M23,11.8
M23,M06,11.8
M06,M24,28.2
M24,M06,28.2
M06,M25,28.4
M25,M06,28.4
M06,M26,32.2
M26,M06,32.2
M06,M27,3.3
M27,M06,3.3
M06,M28,14.3
M28,M06,14.3
M06,M29,18.6
M29,M06,18.6
M06,M30,15.7
M30,M06,15.7
M06,M31,16.0
M31,M06,16.0
M06,M32,7.3
M32,M06,7.3
M06,M33,13.3
M33,M06,13.3
M06,M34,17.6
M34,M06,17.6
M06,M35,19.3
M35,M06,19.3
M06,M36,28.0
M36,M06,28.0
M06,M37,25.7
M37,M06,25.7
M06,M38,21.8
M38,M06,21.8
M06,M39,36.7
M39,M06,36.7
M06,M40,28.4
M40,M06,28.4
M06,M41,25.4
M41,M06,25.4
M06,M42,5.7
M42,M06,5.7
M06,M43,10.6
M43,M06,10.6
M06,M44,14.3
M44,M06,14.3
M06,M45,14.7
M45,M06,14.7
M06,M46,9.5
M46,M06,9.5
M06,M47,7.8
M47,M06,7.8
M06,M48,14.9
M48,M06,14.9
M06,M49,44.3
M49,M06,44.3
M06,M50,20.1
M50,M06,20.1
M06,M51,25.6
M51,M06,25.6
M06,M52,44.8
M52,M06,44.8
M06,M53,31.1
M53,M06,31.1
M06,M54,28.4
M54,M06,28.4
M06,M55,8.3
M55,M06,8.3
M06,M56,0.6
M56,M06,0.6
M06,M57,23.5
M57,M06,23.5
M06,M58,15.7
M58,M06,15.7
M06,M59,19.4
M59,M06,19.4
M06,M60,49.0
M60,M06,49.0
M07,M08,7.2
M08,M07,7.2
M07,M09,34.2
M09,M07,34.2
M07,M10,12.6
M10,M07,12.6
M07,M11,12.9
M11,M07,12.9
M07,M12,31.2
M12,M07,31.2
M07,M13,13.8
M13,M07,13.8
M07,M14,18.4
M14,M07,18.4
M07,M15,2.3
M15,M07,2.3
M07,M16,34.0
M16,M07,34.0
M07,M17,12.6
M17,M07,12.6
M07,M18,41.0
M18,M07,41.0
M07,M19,16.8
M19,M07,16.8
M07,M20,18.3
M20,M07,18.3
M07,M21,31.0
M21,M07,31.0
M07,M22,18.6
M22,M07,18.6
M07,M23,4.3
M23,M07,4.3
M07,M24,21.2
M24,M07,21.2
M07,M25,20.4
M25,M07,20.4
M07,M26,34.9
M26,M07,34.9
M07,M27,11.5
M27,M07,11.5
M07,M28,5.9
M28,M07,5.9
M07,M29,19.2
M29,M07,19.2
M07,M30,17.8
M30,M07,17.8
M07,M31,14.1
M31,M07,14.1
M07,M32,15.5
M32,M07,15.5
M07,M33,16.0
M33,M07,16.0
M07,M34,18.8
M34,M07,18.8
M07,M35,15.9
M35,M07,15.9
M07,M36,20.4
M36,M07,20.4
M07,M37,17.8
M37,M07,17.8
M07,M38,13.9
M38,M07,13.9
M07,M39,34.5
M39,M07,34.5
M07,M40,31.0
M40,M07,31.0
M07,M41,18.2
M41,M07,18.2
M07,M42,2.8
M42,M07,2.8
M07,M43,2.1
M43,M07,2.1
M07,M44,5.8
M44,M07,5.8
M07,M45,18.1
M45,M07,18.1
M07,M46,6.0
M46,M07,6.0
M07,M47,16.3
M47,M07,16.3
M07,M48,6.8
M48,M07,6.8
M07,M49,49.6
M49,M07,49.6
M07,M50,16.7
M50,M07,16.7
M07,M51,18.5
M51,M07,18.5
M07,M52,49.9
M52,M07,49.9
M07,M53,22.7
M53,M07,22.7
M07,M54,31.9
M54,M07,31.9
M07,M55,1.4
M55,M07,1.4
M07,M56,8.8
M56,M07,8.8
M07,M57,15.7
M57,M07,15.7
M07,M58,19.3
M58,M07,19.3
M07,M59,16.0
M59,M07,16.0
M07,M60,54.9
M60,M07,54.9
M08,M09,32.8
M09,M08,32.8
M08,M10,19.2
M10,M08,19.2
M08,M11,17.7
M11,M08,17.7
M08,M12,36.0
M12,M08,36.0
M08,M13,19.0
M13,M08,19.0
M08,M14,23.3
M14,M08,23.3
M08,M15,6.3
M15,M08,6.3
M08,M16,38.1
M16,M08,38.1
M08,M17,19.0
M17,M08,19.0
M08,M18,45.2
M18,M08,45.2
M08,M19,22.7
M19,M08,22.7
M08,M20,13.6
M20,M08,13.6
M08,M21,30.9
M21,M08,30.9
M08,M22,24.2
M22,M08,24.2
M08,M23,2.9
M23,M08,2.9
M08,M24,21.4
M24,M08,21.4
M08,M25,18.5
M25,M08,18.5
M08,M26,33.5
M26,M08,33.5
M08,M27,17.0
M27,M08,17.0
M08,M28,5.7
M28,M08,5.7
M08,M29,17.4
M29,M08,17.4
M08,M30,17.5
M30,M08,17.5
M08,M31,19.8
M31,M08,19.8
M08,M32,20.7
M32,M08,20.7
M08,M33,16.5
M33,M08,16.5
M08,M34,17.5
M34,M08,17.5
M08,M35,20.5
M35,M08,20.5
M08,M36,19.5
M36,M08,19.5
M08,M37,11.2
M37,M08,11.2
M08,M38,13.0
M38,M08,13.0
M08,M39,29.3
M39,M08,29.3
M08,M40,29.8
M40,M08,29.8
M08,M41,18.4
M41,M08,18.4
M08,M42,9.5
M42,M08,9.5
M08,M43,5.5
M43,M08,5.5
M08,M44,5.3
M44,M08,5.3
M08,M45,18.9
M45,M08,18.9
M08,M46,6.5
M46,M08,6.5
M08,M47,22.1
M47,M08,22.1
M08,M48,2.3
M48,M08,2.3
M08,M49,50.3
M49,M08,50.3
M08,M50,21.4
M50,M08,21.4
M08,M51,18.7
M51,M08,18.7
M08,M52,50.2
M52,M08,50.2
M08,M53,17.4
M53,M08,17.4
M08,M54,31.4
M54,M08,31.4
M08,M55,8.3
M55,M08,8.3
M08,M56,14.8
M56,M08,14.8
M08,M57,9.0
M57,M08,9.0
M08,M58,20.0
M58,M08,20.0
M08,M59,20.6
M59,M08,20.6
M08,M60,56.0
M60,M08,56.0
M09,M10,33.6
M10,M09,33.6
M09,M11,46.8
M11,M09,46.8
M09,M12,64.4
M12,M09,64.4
M09,M13,28.3
M13,M09,28.3
M09,M14,26.9
M14,M09,26.9
M09,M15,32.0
M15,M09,32.0
M09,M16,67.8
M16,M09,67.8
M09,M17,32.9
M17,M09,32.9
M09,M18,74.5
M18,M09,74.5
M09,M19,49.3
M19,M09,49.3
M09,M20,44.6
M20,M09,44.6
M09,M21,6.3
M21,M09,6.3
M09,M22,30.7
M22,M09,30.7
M09,M23,32.8
M23,M09,32.8
M09,M24,54.1
M24,M09,54.1
M09,M25,51.1
M25,M09,51.1
M09,M26,0.7
M26,M09,0.7
M09,M27,29.6
M27,M09,29.6
M09,M28,37.8
M28,M09,37.8
M09,M29,15.3
M29,M09,15.3
M09,M30,16.5
M30,M09,16.5
M09,M31,47.1
M31,M09,47.1
M09,M32,28.5
M32,M09,28.5
M09,M33,18.5
M33,M09,18.5
M09,M34,15.5
M34,M09,15.5
M09,M35,49.7
M35,M09,49.7
M09,M36,52.3
M36,M09,52.3
M09,M37,38.5
M37,M09,38.5
M09,M38,45.8
M38,M09,45.8
M09,M39,19.5
M39,M09,19.5
M09,M40,3.2
M40,M09,3.2
M09,M41,51.0
M41,M09,51.0
M09,M42,33.2
M42,M09,33.2
M09,M43,34.8
M43,M09,34.8
M09,M44,37.4
M44,M09,37.4
M09,M45,16.9
M45,M09,16.9
M09,M46,28.4
M46,M09,28.4
M09,M47,30.9
M47,M09,30.9
M09,M48,35.0
M48,M09,35.0
M09,M49,20.4
M49,M09,20.4
M09,M50,50.6
M50,M09,50.6
M09,M51,51.3
M51,M09,51.3
M09,M52,19.3
M52,M09,19.3
M09,M53,46.6
M53,M09,46.6
M09,M54,4.5
M54,M09,4.5
M09,M55,35.4
M55,M09,35.4
M09,M56,31.1
M56,M09,31.1
M09,M57,37.0
M57,M09,37.0
M09,M58,15.9
M58,M09,15.9
M09,M59,49.8
M59,M09,49.8
M09,M60,26.8
M60,M09,26.8
M10,M11,17.9
M11,M10,17.9
M10,M12,32.3
M12,M10,32.3
M10,M13,5.4
M13,M10,5.4
M10,M14,8.9
M14,M10,8.9
M10,M15,12.8
M15,M10,12.8
M10,M16,36.4
M16,M10,36.4
M10,M17,0.7
M17,M10,0.7
M10,M18,42.5
M18,M10,42.5
M10,M19,17.5
M19,M10,17.5
M10,M20,30.8
M20,M10,30.8
M10,M21,28.6
M21,M10,28.6
M10,M22,7.0
M22,M10,7.0
M10,M23,16.3
M23,M10,16.3
M10,M24,30.7
M24,M10,30.7
M10,M25,31.7
M25,M10,31.7
M10,M26,34.3
M26,M10,34.3
M10,M27,4.3
M27,M10,4.3
M10,M28,18.3
M28,M10,18.3
M10,M29,22.0
M29,M10,22.0
M10,M30,18.6
M30,M10,18.6
M10,M31,16.3
M31,M10,16.3
M10,M32,5.8
M32,M10,5.8
M10,M33,16.3
M33,M10,16.3
M10,M34,20.9
M34,M10,20.9
M10,M35,20.1
M35,M10,20.1
M10,M36,30.9
M36,M10,30.9
M10,M37,30.3
M37,M10,30.3
M10,M38,25.1
M38,M10,25.1
M10,M39,40.6
M39,M10,40.6
M10,M40,30.5
M40,M10,30.5
M10,M41,28.1
M41,M10,28.1
M10,M42,9.9
M42,M10,9.9
M10,M43,14.8
M43,M10,14.8
M10,M44,18.3
M44,M10,18.3
M10,M45,17.2
M45,M10,17.2
M10,M46,14.2
M46,M10,14.2
M10,M47,4.8
M47,M10,4.8
M10,M48,19.3
M48,M10,19.3
M10,M49,44.3
M49,M10,44.3
M10,M50,20.8
M50,M10,20.8
M10,M51,28.2
M51,M10,28.2
M10,M52,45.1
M52,M10,45.1
M10,M53,35.3
M53,M10,35.3
M10,M54,30.1
M54,M10,30.1
M10,M55,12.2
M55,M10,12.2
M10,M56,4.6
M56,M10,4.6
M10,M57,28.1
M57,M10,28.1
M10,M58,17.9
M58,M10,17.9
M10,M59,20.2
M59,M10,20.2
M10,M60,48.6
M60,M10,48.6
M11,M12,18.5
M12,M11,18.5
M11,M13,22.2
M13,M11,22.2
M11,M14,26.5
M14,M11,26.5
M11,M15,15.1
M15,M11,15.1
M11,M16,21.1
M16,M11,21.1
M11,M17,18.4
M17,M11,18.4
M11,M18,28.1
M18,M11,28.1
M11,M19,6.0
M19,M11,6.0
M11,M20,20.6
M20,M11,20.6
M11,M21,43.2
M21,M11,43.2
M11,M22,24.8
M22,M11,24.8
M11,M23,15.7
M23,M11,15.7
M11,M24,13.8
M24,M11,13.8
M11,M25,17.1
M25,M11,17.1
M11,M26,47.5
M26,M11,47.5
M11,M27,19.8
M27,M11,19.8
M11,M28,12.2
M28,M11,12.2
M11,M29,32.0
M29,M11,32.0
M11,M30,30.3
M30,M11,30.3
M11,M31,3.6
M31,M11,3.6
M11,M32,23.3
M32,M11,23.3
M11,M33,28.3
M33,M11,28.3
M11,M34,31.5
M34,M11,31.5
M11,M35,3.0
M35,M11,3.0
M11,M36,15.3
M36,M11,15.3
M11,M37,24.3
M37,M11,24.3
M11,M38,11.9
M38,M11,11.9
M11,M39,46.8
M39,M11,46.8
M11,M40,43.6
M40,M11,43.6
M11,M41,11.9
M41,M11,11.9
M11,M42,13.6
M42,M11,13.6
M11,M43,12.9
M43,M11,12.9
M11,M44,12.7
M44,M11,12.7
M11,M45,30.2
M45,M11,30.2
M11,M46,18.9
M46,M11,18.9
M11,M47,22.7
M47,M11,22.7
M11,M48,15.8
M48,M11,15.8
M11,M49,60.9
M49,M11,60.9
M11,M50,3.9
M50,M11,3.9
M11,M51,12.0
M51,M11,12.0
M11,M52,61.4
M52,M11,61.4
M11,M53,25.1
M53,M11,25.1
M11,M54,44.2
M54,M11,44.2
M11,M55,11.5
M55,M11,11.5
M11,M56,17.3
M56,M11,17.3
M11,M57,22.9
M57,M11,22.9
M11,M58,31.3
M58,M11,31.3
M11,M59,3.1
M59,M11,3.1
M11,M60,65.7
M60,M11,65.7
M12,M13,37.5
M13,M12,37.5
M12,M14,41.0
M14,M12,41.0
M12,M15,33.5
M15,M12,33.5
M12,M16,4.9
M16,M12,4.9
M12,M17,32.9
M17,M12,32.9
M12,M18,10.3
M18,M12,10.3
M12,M19,15.1
M19,M12,15.1
M12,M20,35.3
M20,M12,35.3
M12,M21,60.2
M21,M12,60.2
M12,M22,38.2
M22,M12,38.2
M12,M23,34.2
M23,M12,34.2
M12,M24,22.2
M24,M12,22.2
M12,M25,28.4
M25,M12,28.4
M12,M26,65.1
M26,M12,65.1
M12,M27,35.6
M27,M12,35.6
M12,M28,30.3
M28,M12,30.3
M12,M29,50.1
M29,M12,50.1
M12,M30,48.0
M30,M12,48.0
M12,M31,17.4
M31,M12,17.4
M12,M32,38.1
M32,M12,38.1
M12,M33,45.9
M33,M12,45.9
M12,M34,49.5
M34,M12,49.5
M12,M35,15.5
M35,M12,15.5
M12,M36,25.5
M36,M12,25.5
M12,M37,40.8
M37,M12,40.8
M12,M38,26.8
M38,M12,26.8
M12,M39,65.3
M39,M12,65.3
M12,M40,61.2
M40,M12,61.2
M12,M41,23.0
M41,M12,23.0
M12,M42,31.4
M42,M12,31.4
M12,M43,31.4
M43,M12,31.4
M12,M44,30.8
M44,M12,30.8
M12,M45,47.6
M45,M12,47.6
M12,M46,37.2
M46,M12,37.2
M12,M47,36.6
M47,M12,36.6
M12,M48,34.0
M48,M12,34.0
M12,M49,76.6
M49,M12,76.6
M12,M50,14.6
M50,M12,14.6
M12,M51,22.8
M51,M12,22.8
M12,M52,77.4
M52,M12,77.4
M12,M53,39.0
M53,M12,39.0
M12,M54,61.4
M54,M12,61.4
M12,M55,29.8
M55,M12,29.8
M12,M56,33.6
M56,M12,33.6
M12,M57,39.9
M57,M12,39.9
M12,M58,48.6
M58,M12,48.6
M12,M59,15.4
M59,M12,15.4
M12,M60,80.7
M60,M12,80.7
M13,M14,4.7
M14,M13,4.7
M13,M15,13.1
M15,M13,13.1
M13,M16,41.5
M16,M13,41.5
M13,M17,4.7
M17,M13,4.7
M13,M18,47.8
M18,M13,47.8
M13,M19,22.6
M19,M13,22.6
M13,M20,31.8
M20,M13,31.8
M13,M21,23.2
M21,M13,23.2
M13,M22,5.4
M22,M13,5.4
M13,M23,16.5
M23,M13,16.5
M13,M24,34.0
M24,M13,34.0
M13,M25,34.1
M25,M13,34.1
M13,M26,28.9
M26,M13,28.9
M13,M27,2.4
M27,M13,2.4
M13,M28,19.7
M28,M13,19.7
M13,M29,17.5
M29,M13,17.5
M13,M30,13.9
M30,M13,13.9
M13,M31,21.1
M31,M13,21.1
M13,M32,1.8
M32,M13,1.8
M13,M33,11.6
M33,M13,11.6
M13,M34,16.3
M34,M13,16.3
M13,M35,24.7
M35,M13,24.7
M13,M36,33.8
M36,M13,33.8
M13,M37,30.1
M37,M13,30.1
M13,M38,27.4
M38,M13,27.4
M13,M39,36.4
M39,M13,36.4
M13,M40,25.2
M40,M13,25.2
M13,M41,31.2
M41,M13,31.2
M13,M42,11.1
M42,M13,11.1
M13,M43,15.8
M43,M13,15.8
M13,M44,19.6
M44,M13,19.6
M13,M45,12.1
M45,M13,12.1
M13,M46,12.9
M46,M13,12.9
M13,M47,3.7
M47,M13,3.7
M13,M48,19.7
M48,M13,19.7
M13,M49,39.2
M49,M13,39.2
M13,M50,25.4
M50,M13,25.4
M13,M51,31.4
M51,M13,31.4
M13,M52,39.9
M52,M13,39.9
M13,M53,36.1
M53,M13,36.1
M13,M54,24.7
M54,M13,24.7
M13,M55,13.9
M55,M13,13.9
M13,M56,5.2
M56,M13,5.2
M13,M57,27.9
M57,M13,27.9
M13,M58,12.8
M58,M13,12.8
M13,M59,24.8
M59,M13,24.8
M13,M60,43.7
M60,M13,43.7
M14,M15,17.6
M15,M14,17.6
M14,M16,45.2
M16,M14,45.2
M14,M17,8.3
M17,M14,8.3
M14,M18,51.2
M18,M14,51.2
M14,M19,26.4
M19,M14,26.4
M14,M20,36.4
M20,M14,36.4
M14,M21,21.3
M21,M14,21.3
M14,M22,3.8
M22,M14,3.8
M14,M23,20.9
M23,M14,20.9
M14,M24,38.6
M24,M14,38.6
M14,M25,38.7
M25,M14,38.7
M14,M26,27.5
M26,M14,27.5
M14,M27,7.1
M27,M14,7.1
M14,M28,24.4
M28,M14,24.4
M14,M29,18.7
M29,M14,18.7
M14,M30,14.8
M30,M14,14.8
M14,M31,25.1
M31,M14,25.1
M14,M32,3.2
M32,M14,3.2
M14,M33,12.8
M33,M14,12.8
M14,M34,17.4
M34,M14,17.4
M14,M35,28.9
M35,M14,28.9
M14,M36,38.4
M36,M14,38.4
M14,M37,34.3
M37,M14,34.3
M14,M38,32.1
M38,M14,32.1
M14,M39,37.6
M39,M14,37.6
M14,M40,24.0
M40,M14,24.0
M14,M41,35.8
M41,M14,35.8
M14,M42,15.8
M42,M14,15.8
M14,M43,20.4
M43,M14,20.4
M14,M44,24.2
M44,M14,24.2
M14,M45,12.4
M45,M14,12.4
M14,M46,17.0
M46,M14,17.0
M14,M47,4.4
M47,M14,4.4
M14,M48,24.2
M48,M14,24.2
M14,M49,35.6
M49,M14,35.6
M14,M50,29.6
M50,M14,29.6
M14,M51,36.0
M51,M14,36.0
M14,M52,36.5
M52,M14,36.5
M14,M53,40.5
M53,M14,40.5
M14,M54,22.9
M54,M14,22.9
M14,M55,18.6
M55,M14,18.6
M14,M56,9.9
M56,M14,9.9
M14,M57,32.0
M57,M14,32.0
M14,M58,12.7
M58,M14,12.7
M14,M59,29.0
M59,M14,29.0
M14,M60,39.8
M60,M14,39.8
M15,M16,36.3
M16,M15,36.3
M15,M17,12.7
M17,M15,12.7
M15,M18,43.2
M18,M15,43.2
M15,M19,19.0
M19,M15,19.0
M15,M20,18.8
M20,M15,18.8
M15,M21,29.0
M21,M15,29.0
M15,M22,18.2
M22,M15,18.2
M15,M23,3.5
M23,M15,3.5
M15,M24,23.0
M24,M15,23.0
M15,M25,21.7
M25,M15,21.7
M15,M26,32.7
M26,M15,32.7
M15,M27,10.9
M27,M15,10.9
M15,M28,7.0
M28,M15,7.0
M15,M29,17.0
M29,M15,17.0
M15,M30,15.6
M30,M15,15.6
M15,M31,16.3
M31,M15,16.3
M15,M32,14.8
M32,M15,14.8
M15,M33,13.9
M33,M15,13.9
M15,M34,16.6
M34,M15,16.6
M15,M35,18.2
M35,M15,18.2
M15,M36,22.0
M36,M15,22.0
M15,M37,17.4
M37,M15,17.4
M15,M38,15.3
M38,M15,15.3
M15,M39,32.4
M39,M15,32.4
M15,M40,28.8
M40,M15,28.8
M15,M41,20.0
M41,M15,20.0
M15,M42,3.3
M42,M15,3.3
M15,M43,3.2
M43,M15,3.2
M15,M44,6.8
M44,M15,6.8
M15,M45,16.1
M45,M15,16.1
M15,M46,3.8
M46,M15,3.8
M15,M47,16.0
M47,M15,16.0
M15,M48,6.7
M48,M15,6.7
M15,M49,47.7
M49,M15,47.7
M15,M50,19.0
M50,M15,19.0
M15,M51,20.2
M51,M15,20.2
M15,M52,47.9
M52,M15,47.9
M15,M53,23.0
M53,M15,23.0
M15,M54,29.8
M54,M15,29.8
M15,M55,3.7
M55,M15,3.7
M15,M56,8.6
M56,M15,8.6
M15,M57,15.2
M57,M15,15.2
M15,M58,17.3
M58,M15,17.3
M15,M59,18.2
M59,M15,18.2
M15,M60,53.1
M60,M15,53.1
M16,M17,37.0
M17,M16,37.0
M16,M18,7.1
M18,M16,7.1
M16,M19,18.9
M19,M16,18.9
M16,M20,35.7
M20,M16,35.7
M16,M21,63.8
M21,M16,63.8
M16,M22,42.5
M22,M16,42.5
M16,M23,36.6
M23,M16,36.6
M16,M24,21.8
M24,M16,21.8
M16,M25,28.1
M25,M16,28.1
M16,M26,68.5
M26,M16,68.5
M16,M27,39.5
M27,M16,39.5
M16,M28,32.4
M28,M16,32.4
M16,M29,53.2
M29,M16,53.2
M16,M30,51.3
M30,M16,51.3
M16,M31,20.8
M31,M16,20.8
M16,M32,42.2
M32,M16,42.2
M16,M33,49.2
M33,M16,49.2
M16,M34,52.7
M34,M16,52.7
M16,M35,18.1
M35,M16,18.1
M16,M36,25.2
M36,M16,25.2
M16,M37,41.7
M37,M16,41.7
M16,M38,27.7
M38,M16,27.7
M16,M39,67.4
M39,M16,67.4
M16,M40,64.6
M40,M16,64.6
M16,M41,23.2
M41,M16,23.2
M16,M42,34.6
M42,M16,34.6
M16,M43,33.9
M43,M16,33.9
M16,M44,32.9
M44,M16,32.9
M16,M45,51.1
M45,M16,51.1
M16,M46,40.0
M46,M16,40.0
M16,M47,40.8
M47,M16,40.8
M16,M48,36.0
M48,M16,36.0
M16,M49,80.7
M49,M16,80.7
M16,M50,17.3
M50,M16,17.3
M16,M51,22.9
M51,M16,22.9
M16,M52,81.4
M52,M16,81.4
M16,M53,38.9
M53,M16,38.9
M16,M54,65.0
M54,M16,65.0
M16,M55,32.7
M55,M16,32.7
M16,M56,37.3
M56,M16,37.3
M16,M57,41.0
M57,M16,41.0
M16,M58,52.1
M58,M16,52.1
M16,M59,18.1
M59,M16,18.1
M16,M60,85.0
M60,M16,85.0
M17,M18,43.2
M18,M17,43.2
M17,M19,18.2
M19,M17,18.2
M17,M20,30.8
M20,M17,30.8
M17,M21,27.9
M21,M17,27.9
M17,M22,6.6
M22,M17,6.6
M17,M23,16.2
M23,M17,16.2
M17,M24,31.0
M24,M17,31.0
M17,M25,31.9
M25,M17,31.9
M17,M26,33.6
M26,M17,33.6
M17,M27,3.6
M27,M17,3.6
M17,M28,18.3
M28,M17,18.3
M17,M29,21.3
M29,M17,21.3
M17,M30,18.0
M30,M17,18.0
M17,M31,16.9
M31,M17,16.9
M17,M32,5.2
M32,M17,5.2
M17,M33,15.6
M33,M17,15.6
M17,M34,20.3
M34,M17,20.3
M17,M35,20.7
M35,M17,20.7
M17,M36,31.2
M36,M17,31.2
M17,M37,30.1
M37,M17,30.1
M17,M38,25.3
M38,M17,25.3
M17,M39,40.0
M39,M17,40.0
M17,M40,29.8
M40,M17,29.8
M17,M41,28.4
M41,M17,28.4
M17,M42,9.8
M42,M17,9.8
M17,M43,14.7
M43,M17,14.7
M17,M44,18.3
M44,M17,18.3
M17,M45,16.5
M45,M17,16.5
M17,M46,13.8
M46,M17,13.8
M17,M47,4.4
M47,M17,4.4
M17,M48,19.2
M48,M17,19.2
M17,M49,43.7
M49,M17,43.7
M17,M50,21.3
M50,M17,21.3
M17,M51,28.6
M51,M17,28.6
M17,M52,44.5
M52,M17,44.5
M17,M53,35.3
M53,M17,35.3
M17,M54,29.4
M54,M17,29.4
M17,M55,12.2
M55,M17,12.2
M17,M56,4.3
M56,M17,4.3
M17,M57,27.9
M57,M17,27.9
M17,M58,17.2
M58,M17,17.2
M17,M59,20.8
M59,M17,20.8
M17,M60,48.0
M60,M17,48.0
M18,M19,25.3
M19,M18,25.3
M18,M20,42.4
M20,M18,42.4
M18,M21,70.4
M21,M18,70.4
M18,M22,48.4
M22,M18,48.4
M18,M23,43.6
M23,M18,43.6
M18,M24,28.3
M24,M18,28.3
M18,M25,34.6
M25,M18,34.6
M18,M26,75.2
M26,M18,75.2
M18,M27,45.8
M27,M18,45.8
M18,M28,39.4
M28,M18,39.4
M18,M29,60.1
M29,M18,60.1
M18,M30,58.1
M30,M18,58.1
M18,M31,27.5
M31,M18,27.5
M18,M32,48.4
M32,M18,48.4
M18,M33,56.0
M33,M18,56.0
M18,M34,59.5
M34,M18,59.5
M18,M35,25.1
M35,M18,25.1
M18,M36,31.7
M36,M18,31.7
M18,M37,48.6
M37,M18,48.6
M18,M38,34.7
M38,M18,34.7
M18,M39,74.5
M39,M18,74.5
M18,M40,71.3
M40,M18,71.3
M18,M41,30.0
M41,M18,30.0
M18,M42,41.4
M42,M18,41.4
M18,M43,41.0
M43,M18,41.0
M18,M44,39.9
M44,M18,39.9
M18,M45,57.7
M45,M18,57.7
M18,M46,47.0
M46,M18,47.0
M18,M47,46.8
M47,M18,46.8
M18,M48,43.1
M48,M18,43.1
M18,M49,86.8
M49,M18,86.8
M18,M50,24.2
M50,M18,24.2
M18,M51,29.7
M51,M18,29.7
M18,M52,87.7
M52,M18,87.7
M18,M53,45.5
M53,M18,45.5
M18,M54,71.6
M54,M18,71.6
M18,M55,39.6
M55,M18,39.6
M18,M56,43.8
M56,M18,43.8
M18,M57,48.0
M57,M18,48.0
M18,M58,58.8
M58,M18,58.8
M18,M59,25.0
M59,M18,25.0
M18,M60,91.0
M60,M18,91.0
M19,M20,26.6
M20,M19,26.6
M19,M21,45.1
M21,M19,45.1
M19,M22,24.0
M22,M19,24.0
M19,M23,20.4
M23,M19,20.4
M19,M24,18.5
M24,M19,18.5
M19,M25,22.7
M25,M19,22.7
M19,M26,50.0
M26,M19,50.0
M19,M27,20.6
M27,M19,20.6
M19,M28,17.6
M28,M19,17.6
M19,M29,35.3
M29,M19,35.3
M19,M30,33.0
M30,M19,33.0
M19,M31,2.9
M31,M19,2.9
M19,M32,23.4
M32,M19,23.4
M19,M33,30.8
M33,M19,30.8
M19,M34,34.6
M34,M19,34.6
M19,M35,5.1
M35,M19,5.1
M19,M36,20.6
M36,M19,20.6
M19,M37,30.2
M37,M19,30.2
M19,M38,17.9
M38,M19,17.9
M19,M39,51.3
M39,M19,51.3
M19,M40,46.1
M40,M19,46.1
M19,M41,17.2
M41,M19,17.2
M19,M42,16.6
M42,M19,16.6
M19,M43,17.5
M43,M19,17.5
M19,M44,18.0
M44,M19,18.0
M19,M45,32.5
M45,M19,32.5
M19,M46,22.7
M46,M19,22.7
M19,M47,22.1
M47,M19,22.1
M19,M48,21.1
M48,M19,21.1
M19,M49,61.8
M49,M19,61.8
M19,M50,5.1
M50,M19,5.1
M19,M51,17.2
M51,M19,17.2
M19,M52,62.5
M52,M19,62.5
M19,M53,31.1
M53,M19,31.1
M19,M54,46.3
M54,M19,46.3
M19,M55,15.4
M55,M19,15.4
M19,M56,18.5
M56,M19,18.5
M19,M57,28.7
M57,M19,28.7
M19,M58,33.5
M58,M19,33.5
M19,M59,5.2
M59,M19,5.2
M19,M60,66.2
M60,M19,66.2
M20,M21,43.6
M21,M20,43.6
M20,M22,36.8
M22,M20,36.8
M20,M23,15.5
M23,M20,15.5
M20,M24,14.3
M24,M20,14.3
M20,M25,8.4
M25,M20,8.4
M20,M26,45.3
M26,M20,45.3
M20,M27,29.6
M27,M20,29.6
M20,M28,12.5
M28,M20,12.5
M20,M29,29.8
M29,M20,29.8
M20,M30,30.6
M30,M20,30.6
M20,M31,24.1
M31,M20,24.1
M20,M32,33.6
M32,M20,33.6
M20,M33,29.9
M33,M20,29.9
M20,M34,30.1
M34,M20,30.1
M20,M35,22.3
M35,M20,22.3
M20,M36,11.0
M36,M20,11.0
M20,M37,7.2
M37,M20,7.2
M20,M38,8.8
M38,M20,8.8
M20,M39,36.1
M39,M20,36.1
M20,M40,41.9
M40,M20,41.9
M20,M41,12.5
M41,M20,12.5
M20,M42,21.0
M42,M20,21.0
M20,M43,16.1
M43,M20,16.1
M20,M44,12.5
M44,M20,12.5
M20,M45,32.2
M45,M20,32.2
M20,M46,20.0
M46,M20,20.0
M20,M47,34.5
M47,M20,34.5
M20,M48,12.2
M48,M20,12.2
M20,M49,63.2
M49,M20,63.2
M20,M50,22.8
M50,M20,22.8
M20,M51,12.7
M51,M20,12.7
M20,M52,62.9
M52,M20,62.9
M20,M53,4.7
M53,M20,4.7
M20,M54,43.9
M54,M20,43.9
M20,M55,18.6
M55,M20,18.6
M20,M56,27.1
M56,M20,27.1
M20,M57,7.8
M57,M20,7.8
M20,M58,33.3
M58,M20,33.3
M20,M59,22.2
M59,M20,22.2
M20,M60,69.1
M60,M20,69.1
M21,M22,25.0
M22,M21,25.0
M21,M23,30.4
M23,M21,30.4
M21,M24,51.7
M24,M21,51.7
M21,M25,49.4
M25,M21,49.4
M21,M26,6.6
M26,M21,6.6
M21,M27,24.8
M27,M21,24.8
M21,M28,35.3
M28,M21,35.3
M21,M29,13.9
M29,M21,13.9
M21,M30,13.5
M30,M21,13.5
M21,M31,43.0
M31,M21,43.0
M21,M32,23.2
M32,M21,23.2
M21,M33,15.1
M33,M21,15.1
M21,M34,13.5
M34,M21,13.5
M21,M35,46.0
M35,M21,46.0
M21,M36,50.2
M36,M21,50.2
M21,M37,38.3
M37,M21,38.3
M21,M38,43.6
M38,M21,43.6
M21,M39,24.0
M39,M21,24.0
M21,M40,4.5
M40,M21,4.5
M21,M41,48.7
M41,M21,48.7
M21,M42,29.7
M42,M21,29.7
M21,M43,32.0
M43,M21,32.0
M21,M44,35.0
M44,M21,35.0
M21,M45,12.9
M45,M21,12.9
M21,M46,25.7
M46,M21,25.7
M21,M47,25.5
M47,M21,25.5
M21,M48,32.9
M48,M21,32.9
M21,M49,19.6
M49,M21,19.6
M21,M50,46.8
M50,M21,46.8
M21,M51,49.0
M51,M21,49.0
M21,M52,19.3
M52,M21,19.3
M21,M53,46.2
M53,M21,46.2
M21,M54,1.8
M54,M21,1.8
M21,M55,32.1
M55,M21,32.1
M21,M56,26.6
M56,M21,26.6
M21,M57,36.5
M57,M21,36.5
M21,M58,11.8
M58,M21,11.8
M21,M59,46.1
M59,M21,46.1
M21,M60,25.7
M60,M21,25.7
M22,M23,21.7
M23,M22,21.7
M22,M24,37.6
M24,M22,37.6
M22,M25,38.3
M25,M22,38.3
M22,M26,31.2
M26,M22,31.2
M22,M27,7.3
M27,M22,7.3
M22,M28,24.4
M28,M22,24.4
M22,M29,21.9
M29,M22,21.9
M22,M30,18.2
M30,M22,18.2
M22,M31,23.0
M31,M22,23.0
M22,M32,3.8
M32,M22,3.8
M22,M33,16.0
M33,M22,16.0
M22,M34,20.7
M34,M22,20.7
M22,M35,27.0
M35,M22,27.0
M22,M36,37.8
M36,M22,37.8
M22,M37,35.4
M37,M22,35.4
M22,M38,31.7
M38,M22,31.7
M22,M39,40.9
M39,M22,40.9
M22,M40,27.7
M40,M22,27.7
M22,M41,34.9
M41,M22,34.9
M22,M42,15.8
M42,M22,15.8
M22,M43,20.7
M43,M22,20.7
M22,M44,24.4
M44,M22,24.4
M22,M45,15.9
M45,M22,15.9
M22,M46,18.3
M46,M22,18.3
M22,M47,2.3
M47,M22,2.3
M22,M48,24.8
M48,M22,24.8
M22,M49,38.7
M49,M22,38.7
M22,M50,27.6
M50,M22,27.6
M22,M51,35.1
M51,M22,35.1
M22,M52,39.8
M52,M22,39.8
M22,M53,41.1
M53,M22,41.1
M22,M54,26.6
M54,M22,26.6
M22,M55,18.4
M55,M22,18.4
M22,M56,9.7
M56,M22,9.7
M22,M57,33.2
M57,M22,33.2
M22,M58,16.3
M58,M22,16.3
M22,M59,27.1
M59,M22,27.1
M22,M60,42.6
M60,M22,42.6
M23,M24,21.3
M24,M23,21.3
M23,M25,19.3
M25,M23,19.3
M23,M26,33.6
M26,M23,33.6
M23,M27,14.4
M27,M23,14.4
M23,M28,4.9
M28,M23,4.9
M23,M29,17.5
M29,M23,17.5
M23,M30,16.9
M30,M23,16.9
M23,M31,17.6
M31,M23,17.6
M23,M32,18.2
M32,M23,18.2
M23,M33,15.6
M33,M23,15.6
M23,M34,17.4
M34,M23,17.4
M23,M35,18.7
M35,M23,18.7
M23,M36,19.9
M36,M23,19.9
M23,M37,13.9
M37,M23,13.9
M23,M38,13.2
M38,M23,13.2
M23,M39,31.1
M39,M23,31.1
M23,M40,29.8
M40,M23,29.8
M23,M41,18.3
M41,M23,18.3
M23,M42,6.6
M42,M23,6.6
M23,M43,2.9
M43,M23,2.9
M23,M44,4.5
M44,M23,4.5
M23,M45,17.9
M45,M23,17.9
M23,M46,4.9
M46,M23,4.9
M23,M47,19.5
M47,M23,19.5
M23,M48,3.3
M48,M23,3.3
M23,M49,49.6
M49,M23,49.6
M23,M50,19.5
M50,M23,19.5
M23,M51,18.6
M51,M23,18.6
M23,M52,49.6
M52,M23,49.6
M23,M53,19.6
M53,M23,19.6
M23,M54,31.1
M54,M23,31.1
M23,M55,5.5
M55,M23,5.5
M23,M56,12.1
M56,M23,12.1
M23,M57,11.7
M57,M23,11.7
M23,M58,19.1
M58,M23,19.1
M23,M59,18.8
M59,M23,18.8
M23,M60,55.2
M60,M23,55.2
M24,M25,6.3
M25,M24,6.3
M24,M26,54.8
M26,M24,54.8
M24,M27,31.5
M27,M24,31.5
M24,M28,16.4
M28,M24,16.4
M24,M29,38.7
M29,M24,38.7
M24,M30,38.2
M30,M24,38.2
M24,M31,17.1
M31,M24,17.1
M24,M32,35.4
M32,M24,35.4
M24,M33,36.8
M33,M24,36.8
M24,M34,38.7
M34,M24,38.7
M24,M35,13.4
M35,M24,13.4
M24,M36,3.4
M36,M24,3.4
M24,M37,21.0
M37,M24,21.0
M24,M38,8.4
M38,M24,8.4
M24,M39,49.0
M39,M24,49.0
M24,M40,51.1
M40,M24,51.1
M24,M41,3.0
M41,M24,3.0
M24,M42,23.3
M42,M24,23.3
M24,M43,19.8
M43,M24,19.8
M24,M44,16.8
M44,M24,16.8
M24,M45,39.0
M45,M24,39.0
M24,M46,26.1
M46,M24,26.1
M24,M47,35.4
M47,M24,35.4
M24,M48,19.1
M48,M24,19.1
M24,M49,70.7
M49,M24,70.7
M24,M50,13.5
M50,M24,13.5
M24,M51,2.7
M51,M24,2.7
M24,M52,70.8
M52,M24,70.8
M24,M53,17.2
M53,M24,17.2
M24,M54,52.4
M54,M24,52.4
M24,M55,20.5
M55,M24,20.5
M24,M56,28.8
M56,M24,28.8
M24,M57,20.8
M57,M24,20.8
M24,M58,40.2
M58,M24,40.2
M24,M59,13.4
M59,M24,13.4
M24,M60,76.1
M60,M24,76.1
M25,M26,51.8
M26,M25,51.8
M25,M27,31.7
M27,M25,31.7
M25,M28,14.7
M28,M25,14.7
M25,M29,35.8
M29,M25,35.8
M25,M30,35.9
M30,M25,35.9
M25,M31,20.7
M31,M25,20.7
M25,M32,35.7
M32,M25,35.7
M25,M33,34.8
M33,M25,34.8
M25,M34,36.0
M34,M25,36.0
M25,M35,17.7
M35,M25,17.7
M25,M36,2.9
M36,M25,2.9
M25,M37,15.5
M37,M25,15.5
M25,M38,6.6
M38,M25,6.6
M25,M39,44.2
M39,M25,44.2
M25,M40,48.2
M40,M25,48.2
M25,M41,5.7
M41,M25,5.7
M25,M42,22.9
M42,M25,22.9
M25,M43,18.6
M43,M25,18.6
M25,M44,15.0
M44,M25,15.0
M25,M45,37.2
M45,M25,37.2
M25,M46,24.2
M46,M25,24.2
M25,M47,36.1
M47,M25,36.1
M25,M48,16.5
M48,M25,16.5
M25,M49,68.8
M49,M25,68.8
M25,M50,18.0
M50,M25,18.0
M25,M51,5.8
M51,M25,5.8
M25,M52,68.7
M52,M25,68.7
M25,M53,10.9
M53,M25,10.9
M25,M54,49.9
M54,M25,49.9
M25,M55,20.1
M55,M25,20.1
M25,M56,28.9
M56,M25,28.9
M25,M57,15.7
M57,M25,15.7
M25,M58,38.3
M58,M25,38.3
M25,M59,17.6
M59,M25,17.6
M25,M60,74.4
M60,M25,74.4
M26,M27,30.2
M27,M26,30.2
M26,M28,38.5
M28,M26,38.5
M26,M29,16.1
M29,M26,16.1
M26,M30,17.2
M30,M26,17.2
M26,M31,47.8
M31,M26,47.8
M26,M32,29.1
M32,M26,29.1
M26,M33,19.2
M33,M26,19.2
M26,M34,16.2
M34,M26,16.2
M26,M35,50.5
M35,M26,50.5
M26,M36,53.0
M36,M26,53.0
M26,M37,39.3
M37,M26,39.3
M26,M38,46.5
M38,M26,46.5
M26,M39,19.9
M39,M26,19.9
M26,M40,3.9
M40,M26,3.9
M26,M41,51.8
M41,M26,51.8
M26,M42,33.9
M42,M26,33.9
M26,M43,35.6
M43,M26,35.6
M26,M44,38.1
M44,M26,38.1
M26,M45,17.5
M45,M26,17.5
M26,M46,29.1
M46,M26,29.1
M26,M47,31.5
M47,M26,31.5
M26,M48,35.7
M48,M26,35.7
M26,M49,19.9
M49,M26,19.9
M26,M50,51.3
M50,M26,51.3
M26,M51,52.1
M51,M26,52.1
M26,M52,18.7
M52,M26,18.7
M26,M53,47.3
M53,M26,47.3
M26,M54,4.8
M54,M26,4.8
M26,M55,36.1
M55,M26,36.1
M26,M56,31.7
M56,M26,31.7
M26,M57,37.8
M57,M26,37.8
M26,M58,16.6
M58,M26,16.6
M26,M59,50.5
M59,M26,50.5
M26,M60,26.2
M60,M26,26.2
M27,M28,17.4
M28,M27,17.4
M27,M29,17.7
M29,M27,17.7
M27,M30,14.4
M30,M27,14.4
M27,M31,18.9
M31,M27,18.9
M27,M32,4.0
M32,M27,4.0
M27,M33,12.0
M33,M27,12.0
M27,M34,16.6
M34,M27,16.6
M27,M35,22.4
M35,M27,22.4
M27,M36,31.3
M36,M27,31.3
M27,M37,28.2
M37,M27,28.2
M27,M38,25.0
M38,M27,25.0
M27,M39,36.4
M39,M27,36.4
M27,M40,26.4
M40,M27,26.4
M27,M41,28.7
M41,M27,28.7
M27,M42,8.8
M42,M27,8.8
M27,M43,13.5
M43,M27,13.5
M27,M44,17.3
M44,M27,17.3
M27,M45,12.9
M45,M27,12.9
M27,M46,11.2
M46,M27,11.2
M27,M47,5.1
M47,M27,5.1
M27,M48,17.6
M48,M27,17.6
M27,M49,41.3
M49,M27,41.3
M27,M50,23.1
M50,M27,23.1
M27,M51,28.9
M51,M27,28.9
M27,M52,42.0
M52,M27,42.0
M27,M53,33.9
M53,M27,33.9
M27,M54,26.1
M54,M27,26.1
M27,M55,11.5
M55,M27,11.5
M27,M56,2.8
M56,M27,2.8
M27,M57,25.9
M57,M27,25.9
M27,M58,13.8
M58,M27,13.8
M27,M59,22.5
M59,M27,22.5
M27,M60,45.9
M60,M27,45.9
M28,M29,22.4
M29,M28,22.4
M28,M30,21.8
M30,M28,21.8
M28,M31,14.7
M31,M28,14.7
M28,M32,21.4
M32,M28,21.4
M28,M33,20.4
M33,M28,20.4
M28,M34,22.3
M34,M28,22.3
M28,M35,15.0
M35,M28,15.0
M28,M36,15.1
M36,M28,15.1
M28,M37,13.3
M37,M28,13.3
M28,M38,8.4
M38,M28,8.4
M28,M39,35.1
M39,M28,35.1
M28,M40,34.7
M40,M28,34.7
M28,M41,13.3
M41,M28,13.3
M28,M42,8.7
M42,M28,8.7
M28,M43,3.9
M43,M28,3.9
M28,M44,0.5
M44,M28,0.5
M28,M45,22.7
M45,M28,22.7
M28,M46,9.7
M46,M28,9.7
M28,M47,22.2
M47,M28,22.2
M28,M48,3.7
M48,M28,3.7
M28,M49,54.5
M49,M28,54.5
M28,M50,15.8
M50,M28,15.8
M28,M51,13.6
M51,M28,13.6
M28,M52,54.5
M52,M28,54.5
M28,M53,17.0
M53,M28,17.0
M28,M54,36.0
M54,M28,36.0
M28,M55,6.1
M55,M28,6.1
M28,M56,14.8
M56,M28,14.8
M28,M57,11.4
M57,M28,11.4
M28,M58,23.9
M58,M28,23.9
M28,M59,15.0
M59,M28,15.0
M28,M60,59.9
M60,M28,59.9
M29,M30,3.8
M30,M29,3.8
M29,M31,32.8
M31,M29,32.8
M29,M32,18.5
M32,M29,18.5
M29,M33,5.9
M33,M29,5.9
M29,M34,1.3
M34,M29,1.3
M29,M35,35.0
M35,M29,35.0
M29,M36,36.9
M36,M29,36.9
M29,M37,24.4
M37,M29,24.4
M29,M38,30.4
M38,M29,30.4
M29,M39,19.0
M39,M29,19.0
M29,M40,12.4
M40,M29,12.4
M29,M41,35.7
M41,M29,35.7
M29,M42,18.7
M42,M29,18.7
M29,M43,19.7
M43,M29,19.7
M29,M44,22.0
M44,M29,22.0
M29,M45,6.5
M45,M29,6.5
M29,M46,13.3
M46,M29,13.3
M29,M47,21.1
M47,M29,21.1
M29,M48,19.6
M48,M29,19.6
M29,M49,33.5
M49,M29,33.5
M29,M50,35.9
M50,M29,35.9
M29,M51,36.0
M51,M29,36.0
M29,M52,33.1
M52,M29,33.1
M29,M53,32.4
M53,M29,32.4
M29,M54,14.1
M54,M29,14.1
M29,M55,20.5
M55,M29,20.5
M29,M56,18.2
M56,M29,18.2
M29,M57,22.6
M57,M29,22.6
M29,M58,6.7
M58,M29,6.7
M29,M59,35.1
M59,M29,35.1
M29,M60,39.5
M60,M29,39.5
M30,M31,30.7
M31,M30,30.7
M30,M32,14.8
M32,M30,14.8
M30,M33,2.4
M33,M30,2.4
M30,M34,2.5
M34,M30,2.5
M30,M35,33.3
M35,M30,33.3
M30,M36,36.8
M36,M30,36.8
M30,M37,25.9
M37,M30,25.9
M30,M38,30.1
M38,M30,30.1
M30,M39,22.8
M39,M30,22.8
M30,M40,13.3
M40,M30,13.3
M30,M41,35.2
M41,M30,35.2
M30,M42,16.8
M42,M30,16.8
M30,M43,18.6
M43,M30,18.6
M30,M44,21.5
M44,M30,21.5
M30,M45,2.7
M45,M30,2.7
M30,M46,12.2
M46,M30,12.2
M30,M47,17.4
M47,M30,17.4
M30,M48,19.5
M48,M30,19.5
M30,M49,32.9
M49,M30,32.9
M30,M50,34.1
M50,M30,34.1
M30,M51,35.5
M51,M30,35.5
M30,M52,32.7
M52,M30,32.7
M30,M53,33.6
M53,M30,33.6
M30,M54,14.2
M54,M30,14.2
M30,M55,18.9
M55,M30,18.9
M30,M56,15.2
M56,M30,15.2
M30,M57,23.9
M57,M30,23.9
M30,M58,3.3
M58,M30,3.3
M30,M59,33.3
M59,M30,33.3
M30,M60,38.6
M60,M30,38.6
M31,M32,22.0
M32,M31,22.0
M31,M33,28.5
M33,M31,28.5
M31,M34,32.2
M34,M31,32.2
M31,M35,4.1
M35,M31,4.1
M31,M36,18.8
M36,M31,18.8
M31,M37,27.4
M37,M31,27.4
M31,M38,15.5
M38,M31,15.5
M31,M39,48.5
M39,M31,48.5
M31,M40,43.8
M40,M31,43.8
M31,M41,15.4
M41,M31,15.4
M31,M42,14.1
M42,M31,14.1
M31,M43,14.7
M43,M31,14.7
M31,M44,15.2
M44,M31,15.2
M31,M45,30.3
M45,M31,30.3
M31,M46,20.0
M46,M31,20.0
M31,M47,21.0
M47,M31,21.0
M31,M48,18.2
M48,M31,18.2
M31,M49,60.2
M49,M31,60.2
M31,M50,4.6
M50,M31,4.6
M31,M51,15.5
M51,M31,15.5
M31,M52,60.8
M52,M31,60.8
M31,M53,28.6
M53,M31,28.6
M31,M54,44.2
M54,M31,44.2
M31,M55,12.7
M55,M31,12.7
M31,M56,16.6
M56,M31,16.6
M31,M57,25.9
M57,M31,25.9
M31,M58,31.3
M58,M31,31.3
M31,M59,4.2
M59,M31,4.2
M31,M60,64.8
M60,M31,64.8
M32,M33,12.6
M33,M32,12.6
M32,M34,17.3
M34,M32,17.3
M32,M35,25.7
M35,M32,25.7
M32,M36,35.3
M36,M32,35.3
M32,M37,31.8
M37,M32,31.8
M32,M38,29.0
M38,M32,29.0
M32,M39,37.5
M39,M32,37.5
M32,M40,25.4
M40,M32,25.4
M32,M41,32.6
M41,M32,32.6
M32,M42,12.8
M42,M32,12.8
M32,M43,17.5
M43,M32,17.5
M32,M44,21.3
M44,M32,21.3
M32,M45,12.8
M45,M32,12.8
M32,M46,14.6
M46,M32,14.6
M32,M47,2.5
M47,M32,2.5
M32,M48,21.5
M48,M32,21.5
M32,M49,38.5
M49,M32,38.5
M32,M50,26.4
M50,M32,26.4
M32,M51,32.8
M51,M32,32.8
M32,M52,39.3
M52,M32,39.3
M32,M53,37.8
M53,M32,37.8
M32,M54,24.7
M54,M32,24.7
M32,M55,15.5
M55,M32,15.5
M32,M56,6.7
M56,M32,6.7
M32,M57,29.6
M57,M32,29.6
M32,M58,13.3
M58,M32,13.3
M32,M59,25.8
M59,M32,25.8
M32,M60,42.8
M60,M32,42.8
M33,M34,4.7
M34,M33,4.7
M33,M35,31.2
M35,M33,31.2
M33,M36,35.5
M36,M33,35.5
M33,M37,25.7
M37,M33,25.7
M33,M38,28.8
M38,M33,28.8
M33,M39,24.9
M39,M33,24.9
M33,M40,15.3
M40,M33,15.3
M33,M41,33.7
M41,M33,33.7
M33,M42,14.8
M42,M33,14.8
M33,M43,17.0
M43,M33,17.0
M33,M44,20.1
M44,M33,20.1
M33,M45,2.4
M45,M33,2.4
M33,M46,10.7
M46,M33,10.7
M33,M47,15.1
M47,M33,15.1
M33,M48,18.4
M48,M33,18.4
M33,M49,34.0
M49,M33,34.0
M33,M50,32.1
M50,M33,32.1
M33,M51,34.0
M51,M33,34.0
M33,M52,34.1
M52,M33,34.1
M33,M53,33.1
M53,M33,33.1
M33,M54,15.9
M54,M33,15.9
M33,M55,17.1
M55,M33,17.1
M33,M56,12.9
M56,M33,12.9
M33,M57,23.6
M57,M33,23.6
M33,M58,3.5
M58,M33,3.5
M33,M59,31.3
M59,M33,31.3
M33,M60,39.6
M60,M33,39.6
M34,M35,34.5
M35,M34,34.5
M34,M36,37.0
M36,M34,37.0
M34,M37,25.0
M37,M34,25.0
M34,M38,30.4
M38,M34,30.4
M34,M39,20.2
M39,M34,20.2
M34,M40,12.4
M40,M34,12.4
M34,M41,35.6
M41,M34,35.6
M34,M42,18.1
M42,M34,18.1
M34,M43,19.4
M43,M34,19.4
M34,M44,21.9
M44,M34,21.9
M34,M45,5.1
M45,M34,5.1
M34,M46,12.9
M46,M34,12.9
M34,M47,19.8
M47,M34,19.8
M34,M48,19.6
M48,M34,19.6
M34,M49,33.1
M49,M34,33.1
M34,M50,35.4
M50,M34,35.4
M34,M51,35.9
M51,M34,35.9
M34,M52,32.8
M52,M34,32.8
M34,M53,32.9
M53,M34,32.9
M34,M54,13.9
M54,M34,13.9
M34,M55,20.0
M55,M34,20.0
M34,M56,17.2
M56,M34,17.2
M34,M57,23.1
M57,M34,23.1
M34,M58,5.4
M58,M34,5.4
M34,M59,34.6
M59,M34,34.6
M34,M60,39.0
M60,M34,39.0
M35,M36,15.5
M36,M35,15.5
M35,M37,26.6
M37,M35,26.6
M35,M38,13.4
M38,M35,13.4
M35,M39,49.8
M39,M35,49.8
M35,M40,46.5
M40,M35,46.5
M35,M41,12.1
M41,M35,12.1
M35,M42,16.5
M42,M35,16.5
M35,M43,15.9
M43,M35,15.9
M35,M44,15.4
M44,M35,15.4
M35,M45,33.2
M45,M35,33.2
M35,M46,21.9
M46,M35,21.9
M35,M47,24.9
M47,M35,24.9
M35,M48,18.6
M48,M35,18.6
M35,M49,63.6
M49,M35,63.6
M35,M50,0.9
M50,M35,0.9
M35,M51,12.1
M51,M35,12.1
M35,M52,64.1
M52,M35,64.1
M35,M53,26.6
M53,M35,26.6
M35,M54,47.1
M54,M35,47.1
M35,M55,14.5
M55,M35,14.5
M35,M56,19.9
M56,M35,19.9
M35,M57,25.3
M57,M35,25.3
M35,M58,34.2
M58,M35,34.2
M35,M59,0.1
M59,M35,0.1
M35,M60,68.3
M60,M35,68.3
M36,M37,17.9
M37,M36,17.9
M36,M38,6.7
M38,M36,6.7
M36,M39,46.3
M39,M36,46.3
M36,M40,49.3
M40,M36,49.3
M36,M41,3.4
M41,M36,3.4
M36,M42,22.8
M42,M36,22.8
M36,M43,18.8
M43,M36,18.8
M36,M44,15.4
M44,M36,15.4
M36,M45,37.8
M45,M36,37.8
M36,M46,24.7
M46,M36,24.7
M36,M47,35.5
M47,M36,35.5
M36,M48,17.3
M48,M36,17.3
M36,M49,69.5
M49,M36,69.5
M36,M50,15.7
M50,M36,15.7
M36,M51,3.4
M51,M36,3.4
M36,M52,69.5
M52,M36,69.5
M36,M53,13.8
M53,M36,13.8
M36,M54,50.8
M54,M36,50.8
M36,M55,19.9
M55,M36,19.9
M36,M56,28.6
M56,M36,28.6
M36,M57,17.9
M57,M36,17.9
M36,M58,38.9
M58,M36,38.9
M36,M59,15.4
M59,M36,15.4
M36,M60,75.0
M60,M36,75.0
M37,M38,14.0
M38,M37,14.0
M37,M39,29.0
M39,M37,29.0
M37,M40,36.1
M40,M37,36.1
M37,M41,18.8
M41,M37,18.8
M37,M42,20.4
M42,M37,20.4
M37,M43,15.8
M43,M37,15.8
M37,M44,13.0
M44,M37,13.0
M37,M45,27.9
M45,M37,27.9
M37,M46,17.3
M46,M37,17.3
M37,M47,33.3
M47,M37,33.3
M37,M48,11.1
M48,M37,11.1
M37,M49,57.9
M49,M37,57.9
M37,M50,27.3
M50,M37,27.3
M37,M51,19.1
M51,M37,19.1
M37,M52,57.3
M52,M37,57.3
M37,M53,8.1
M53,M37,8.1
M37,M54,38.3
M54,M37,38.3
M37,M55,18.7
M55,M37,18.7
M37,M56,26.0
M56,M37,26.0
M37,M57,2.2
M57,M37,2.2
M37,M58,28.9
M58,M37,28.9
M37,M59,26.6
M59,M37,26.6
M37,M60,63.9
M60,M37,63.9
M38,M39,40.9
M39,M38,40.9
M38,M40,42.8
M40,M38,42.8
M38,M41,5.5
M41,M38,5.5
M38,M42,16.3
M42,M38,16.3
M38,M43,12.2
M43,M38,12.2
M38,M44,8.7
M44,M38,8.7
M38,M45,31.1
M45,M38,31.1
M38,M46,18.1
M46,M38,18.1
M38,M47,29.4
M47,M38,29.4
M38,M48,10.8
M48,M38,10.8
M38,M49,62.8
M49,M38,62.8
M38,M50,14.0
M50,M38,14.0
M38,M51,5.8
M51,M38,5.8
M38,M52,62.8
M52,M38,62.8
M38,M53,13.2
M53,M38,13.2
M38,M54,44.2
M54,M38,44.2
M38,M55,13.5
M55,M38,13.5
M38,M56,22.3
M56,M38,22.3
M38,M57,13.3
M57,M38,13.3
M38,M58,32.2
M58,M38,32.2
M38,M59,13.4
M59,M38,13.4
M38,M60,68.3
M60,M38,68.3
M39,M40,19.5
M40,M39,19.5
M39,M41,46.3
M41,M39,46.3
M39,M42,35.1
M42,M39,35.1
M39,M43,34.0
M43,M39,34.0
M39,M44,34.6
M44,M39,34.6
M39,M45,25.2
M45,M39,25.2
M39,M46,28.8
M46,M39,28.8
M39,M47,40.0
M47,M39,40.0
M39,M48,31.4
M48,M39,31.4
M39,M49,39.1
M49,M39,39.1
M39,M50,50.6
M50,M39,50.6
M39,M51,46.6
M51,M39,46.6
M39,M52,37.5
M52,M39,37.5
M39,M53,36.2
M53,M39,36.2
M39,M54,22.7
M54,M39,22.7
M39,M55,35.9
M55,M39,35.9
M39,M56,36.4
M56,M39,36.4
M39,M57,28.5
M57,M39,28.5
M39,M58,25.1
M58,M39,25.1
M39,M59,49.8
M59,M39,49.8
M39,M60,45.4
M60,M39,45.4
M40,M41,48.0
M41,M40,48.0
M40,M42,30.0
M42,M40,30.0
M40,M43,31.7
M43,M40,31.7
M40,M44,34.3
M44,M40,34.3
M40,M45,13.6
M45,M40,13.6
M40,M46,25.3
M46,M40,25.3
M40,M47,27.8
M47,M40,27.8
M40,M48,32.0
M48,M40,32.0
M40,M49,22.1
M49,M40,22.1
M40,M50,47.4
M50,M40,47.4
M40,M51,48.3
M51,M40,48.3
M40,M52,21.3
M52,M40,21.3
M40,M53,44.2
M53,M40,44.2
M40,M54,3.2
M54,M40,3.2
M40,M55,32.2
M55,M40,32.2
M40,M56,27.8
M56,M40,27.8
M40,M57,34.5
M57,M40,34.5
M40,M58,12.7
M58,M40,12.7
M40,M59,46.6
M59,M40,46.6
M40,M60,28.4
M60,M40,28.4
M41,M42,20.4
M42,M41,20.4
M41,M43,16.8
M43,M41,16.8
M41,M44,13.7
M44,M41,13.7
M41,M45,36.0
M45,M41,36.0
M41,M46,23.0
M46,M41,23.0
M41,M47,32.7
M47,M41,32.7
M41,M48,16.1
M48,M41,16.1
M41,M49,67.7
M49,M41,67.7
M41,M50,12.4
M50,M41,12.4
M41,M51,0.3
M51,M41,0.3
M41,M52,67.8
M52,M41,67.8
M41,M53,16.0
M53,M41,16.0
M41,M54,49.3
M54,M41,49.3
M41,M55,17.6
M55,M41,17.6
M41,M56,25.9
M56,M41,25.9
M41,M57,18.4
M57,M41,18.4
M41,M58,37.2
M58,M41,37.2
M41,M59,12.1
M59,M41,12.1
M41,M60,73.1
M60,M41,73.1
M42,M43,4.9
M43,M42,4.9
M42,M44,8.6
M44,M42,8.6
M42,M45,16.7
M45,M42,16.7
M42,M46,6.3
M46,M42,6.3
M42,M47,13.5
M47,M42,13.5
M42,M48,9.4
M48,M42,9.4
M42,M49,47.9
M49,M42,47.9
M42,M50,17.3
M50,M42,17.3
M42,M51,20.6
M51,M42,20.6
M42,M52,48.2
M52,M42,48.2
M42,M53,25.4
M53,M42,25.4
M42,M54,30.6
M54,M42,30.6
M42,M55,2.8
M55,M42,2.8
M42,M56,6.1
M56,M42,6.1
M42,M57,18.3
M57,M42,18.3
M42,M58,17.8
M58,M42,17.8
M42,M59,16.6
M59,M42,16.6
M42,M60,53.0
M60,M42,53.0
M43,M44,3.8
M44,M43,3.8
M43,M45,19.2
M45,M43,19.2
M43,M46,6.5
M46,M43,6.5
M43,M47,18.4
M47,M43,18.4
M43,M48,4.8
M48,M43,4.8
M43,M49,50.9
M49,M43,50.9
M43,M50,16.8
M50,M43,16.8
M43,M51,17.1
M51,M43,17.1
M43,M52,51.0
M52,M43,51.0
M43,M53,20.5
M53,M43,20.5
M43,M54,32.8
M54,M43,32.8
M43,M55,2.9
M55,M43,2.9
M43,M56,11.0
M56,M43,11.0
M43,M57,13.7
M57,M43,13.7
M43,M58,20.4
M58,M43,20.4
M43,M59,16.0
M59,M43,16.0
M43,M60,56.3
M60,M43,56.3
M44,M45,22.4
M45,M44,22.4
M44,M46,9.4
M46,M44,9.4
M44,M47,22.1
M47,M44,22.1
M44,M48,3.2
M48,M44,3.2
M44,M49,54.1
M49,M44,54.1
M44,M50,16.2
M50,M44,16.2
M44,M51,14.0
M51,M44,14.0
M44,M52,54.1
M52,M44,54.1
M44,M53,17.0
M53,M44,17.0
M44,M54,35.6
M54,M44,35.6
M44,M55,6.1
M55,M44,6.1
M44,M56,14.7
M56,M44,14.7
M44,M57,11.1
M57,M44,11.1
M44,M58,23.5
M58,M44,23.5
M44,M59,15.5
M59,M44,15.5
M44,M60,59.6
M60,M44,59.6
M45,M46,13.0
M46,M45,13.0
M45,M47,15.3
M47,M45,15.3
M45,M48,20.7
M48,M45,20.7
M45,M49,31.7
M49,M45,31.7
M45,M50,34.0
M50,M45,34.0
M45,M51,36.3
M51,M45,36.3
M45,M52,31.8
M52,M45,31.8
M45,M53,35.5
M53,M45,35.5
M45,M54,13.9
M54,M45,13.9
M45,M55,19.2
M55,M45,19.2
M45,M56,14.2
M56,M45,14.2
M45,M57,25.9
M57,M45,25.9
M45,M58,1.2
M58,M45,1.2
M45,M59,33.2
M59,M45,33.2
M45,M60,37.2
M60,M45,37.2
M46,M47,16.3
M47,M46,16.3
M46,M48,7.9
M48,M46,7.9
M46,M49,44.7
M49,M46,44.7
M46,M50,22.8
M50,M46,22.8
M46,M51,23.3
M51,M46,23.3
M46,M52,44.8
M52,M46,44.8
M46,M53,23.8
M53,M46,23.8
M46,M54,26.4
M54,M46,26.4
M46,M55,7.4
M55,M46,7.4
M46,M56,9.5
M56,M46,9.5
M46,M57,15.1
M57,M46,15.1
M46,M58,14.2
M58,M46,14.2
M46,M59,22.0
M59,M46,22.0
M46,M60,50.3
M60,M46,50.3
M47,M48,22.6
M48,M47,22.6
M47,M49,40.0
M49,M47,40.0
M47,M50,25.6
M50,M47,25.6
M47,M51,32.9
M51,M47,32.9
M47,M52,41.0
M52,M47,41.0
M47,M53,38.9
M53,M47,38.9
M47,M54,27.0
M54,M47,27.0
M47,M55,16.1
M55,M47,16.1
M47,M56,7.4
M56,M47,7.4
M47,M57,31.1
M57,M47,31.1
M47,M58,15.8
M58,M47,15.8
M47,M59,25.0
M59,M47,25.0
M47,M60,44.1
M60,M47,44.1
M48,M49,52.3
M49,M48,52.3
M48,M50,19.4
M50,M48,19.4
M48,M51,16.4
M51,M48,16.4
M48,M52,52.2
M52,M48,52.2
M48,M53,16.3
M53,M48,16.3
M48,M54,33.5
M54,M48,33.5
M48,M55,7.7
M55,M48,7.7
M48,M56,15.2
M56,M48,15.2
M48,M57,8.9
M57,M48,8.9
M48,M58,21.9
M58,M48,21.9
M48,M59,18.7
M59,M48,18.7
M48,M60,58.0
M60,M48,58.0
M49,M50,64.4
M50,M49,64.4
M49,M51,68.0
M51,M49,68.0
M49,M52,2.5
M52,M49,2.5
M49,M53,65.9
M53,M49,65.9
M49,M54,19.6
M54,M49,19.6
M49,M55,50.5
M55,M49,50.5
M49,M56,43.7
M56,M49,43.7
M49,M57,56.1
M57,M49,56.1
M49,M58,30.6
M58,M49,30.6
M49,M59,63.7
M59,M49,63.7
M49,M60,6.4
M60,M49,6.4
M50,M51,12.3
M51,M50,12.3
M50,M52,64.9
M52,M50,64.9
M50,M53,27.1
M53,M50,27.1
M50,M54,47.9
M54,M50,47.9
M50,M55,15.4
M55,M50,15.4
M50,M56,20.7
M56,M50,20.7
M50,M57,26.0
M57,M50,26.0
M50,M58,35.1
M58,M50,35.1
M50,M59,0.8
M59,M50,0.8
M50,M60,69.1
M60,M50,69.1
M51,M52,68.1
M52,M51,68.1
M51,M53,16.2
M53,M51,16.2
M51,M54,49.6
M54,M51,49.6
M51,M55,17.8
M55,M51,17.8
M51,M56,26.2
M56,M51,26.2
M51,M57,18.7
M57,M51,18.7
M51,M58,37.4
M58,M51,37.4
M51,M59,12.1
M59,M51,12.1
M51,M60,73.3
M60,M51,73.3
M52,M53,65.4
M53,M52,65.4
M52,M54,19.0
M54,M52,19.0
M52,M55,50.8
M55,M52,50.8
M52,M56,44.2
M56,M52,44.2
M52,M57,55.7
M57,M52,55.7
M52,M58,30.6
M58,M52,30.6
M52,M59,64.2
M59,M52,64.2
M52,M60,8.0
M60,M52,8.0
M53,M54,46.3
M54,M53,46.3
M53,M55,23.1
M55,M53,23.1
M53,M56,31.5
M56,M53,31.5
M53,M57,9.7
M57,M53,9.7
M53,M58,36.5
M58,M53,36.5
M53,M59,26.6
M59,M53,26.6
M53,M60,71.9
M60,M53,71.9
M54,M55,33.0
M55,M54,33.0
M54,M56,27.9
M56,M54,27.9
M54,M57,36.6
M57,M54,36.6
M54,M58,12.9
M58,M54,12.9
M54,M59,47.2
M59,M54,47.2
M54,M60,25.8
M60,M54,25.8
M55,M56,8.8
M56,M55,8.8
M55,M57,16.6
M57,M55,16.6
M55,M58,20.3
M58,M55,20.3
M55,M59,14.6
M59,M55,14.6
M55,M60,55.7
M60,M55,55.7
M56,M57,23.8
M57,M56,23.8
M56,M58,15.2
M58,M56,15.2
M56,M59,20.0
M59,M56,20.0
M56,M60,48.4
M60,M56,48.4
M57,M58,26.9
M58,M57,26.9
M57,M59,25.3
M59,M57,25.3
M57,M60,62.1
M60,M57,62.1
M58,M59,34.3
M59,M58,34.3
M58,M60,36.1
M60,M58,36.1
M59,M60,68.4
M60,M59,68.4
